종목코드,종목명,종가,대비,등락률,시가,고가,저가,거래량,거래대금,시가총액,상장주식수
"095570","AJ네트웍스","6190","10","0.16","6090","6220","6070","76393","470346950","289830006050","46822295"
"006840","AK홀딩스","34600","-300","-0.86","35000","35100","33800","98239","3373487250","458365610600","13247561"
"027410","BGF","6880","-30","-0.43","6840","6930","6740","449796","3071015790","658531522080","95716791"
"282330","BGF리테일","182000","1500","0.83","183000","183500","180000","21897","3963097500","3145670892000","17283906"
"138930","BNK금융지주","8080","30","0.37","8070","8160","8030","1390502","11264125110","2633556787680","325935246"
"001460","BYC","384500","1000","0.26","383500","387500","380000","697","267199000","240164467500","624615"
"001465","BYC우","168500","-2500","-1.46","171000","171000","168500","137","23212000","36292372500","215385"
"001040","CJ","109500","1500","1.39","108000","113500","108000","198142","21845225500","3194881281000","29176998"
"079160","CJ CGV","29050","100","0.35","29050","29500","28600","801001","23319402150","1019655000000","35100000"
"00104K","CJ4우(전환)","86800","1100","1.28","85100","87600","85100","5565","482908200","366861241600","4226512"
"000120","CJ대한통운","171500","2000","1.18","170500","171500","170000","33343","5691422000","3912316996000","22812344"
"011150","CJ씨푸드","4585","25","0.55","4565","4625","4550","245644","1125408240","164742594205","35930773"
"011155","CJ씨푸드1우","44300","250","0.57","43200","44300","43000","2311","100828350","8860000000","200000"
"001045","CJ우","64600","100","0.16","64500","66000","64500","7700","498785400","146010405800","2260223"
"097950","CJ제일제당","458500","1000","0.22","457500","465000","451500","54662","25026095000","6902344281000","15054186"
"097955","CJ제일제당 우","216000","-2000","-0.92","218000","220000","215500","5234","1134870000","286725528000","1327433"
"000590","CS홀딩스","74000","800","1.09","73200","74600","73200","5320","392109000","85431668000","1154482"
"012030","DB","918","6","0.66","912","921","911","448847","410885421","184677670494","201173933"
"016610","DB금융투자","7560","290","3.99","7430","7580","7380","318809","2384984870","320894700840","42446389"
"005830","DB손해보험","51800","1100","2.17","51100","51900","50900","136586","7041887500","3667440000000","70800000"
"000990","DB하이텍","52500","400","0.77","52600","53300","51200","1182054","61801745200","2330925870000","44398588"
"000995","DB하이텍1우","129500","1500","1.17","124500","129500","123000","2095","262979500","14544922000","112316"
"139130","DGB금융지주","9460","180","1.94","9210","9500","9210","591737","5580772600","1600119580180","169145833"
"001530","DI동일","190000","4000","2.15","187000","195000","187000","28302","5417270000","477024450000","2510655"
"000210","DL","84800","1800","2.17","83500","85900","83300","198207","16800070700","1309419017600","15441262"
"001880","DL건설","36450","800","2.24","35700","36450","35650","80330","2907733850","803842201800","22053284"
"000215","DL우","49100","400","0.82","48150","49950","48150","19167","941777250","82788246500","1686115"
"375500","DL이앤씨","136500","3500","2.63","133500","138000","133500","172415","23428967500","2642467737000","19358738"
"37550K","DL이앤씨우","77400","0","0.00","77900","78300","77000","19106","1480635100","163614699000","2113885"
"004840","DRB동일","7160","-40","-0.56","7200","7270","7150","49240","355267810","142698800000","19930000"
"155660","DSR","7010","210","3.09","6860","7140","6730","157326","1098066020","112160000000","16000000"
"069730","DSR제강","6170","80","1.31","6060","6220","6000","164401","1009986470","88848000000","14400000"
"017940","E1","50200","1000","2.03","49200","50400","49200","39964","1992209950","344372000000","6860000"
"365550","ESR켄달스퀘어리츠","6500","130","2.04","6380","6550","6380","281123","1824594870","931183500000","143259000"
"007700","F&F","180000","0","0.00","0","0","0","0","0","2772000000000","15400000"
"114090","GKL","17650","250","1.44","17400","17750","17300","653433","11473071200","1091752575500","61855670"
"078930","GS","49100","1450","3.04","48100","49800","47850","606491","29820447400","4562145059800","92915378"
"006360","GS건설","44200","1400","3.27","43150","44350","42900","679771","29842706400","3778696365600","85490868"
"001250","GS글로벌","2775","20","0.73","2775","2790","2730","459628","1270746210","229031195100","82533764"
"007070","GS리테일","37400","450","1.22","37250","37500","37050","298233","11146188150","2879800000000","77000000"
"078935","GS우","39200","650","1.69","38500","39250","38450","7557","294989500","69965179200","1784826"
"012630","HDC","14050","150","1.08","13950","14350","13950","644550","9097075500","839371180050","59741721"
"039570","HDC아이콘트롤스","12350","-50","-0.40","12350","12550","12050","76947","949054450","203281000000","16460000"
"089470","HDC현대EP","5810","-160","-2.68","5940","5990","5770","330660","1938519240","185339000000","31900000"
"294870","HDC현대산업개발","28600","300","1.06","28600","28950","28450","402811","11541623400","1884949638000","65907330"
"011200","HMM","42850","0","0.00","42200","43350","41450","10179023","432229610000","14800068067950","345392487"
"082740","HSD엔진","10200","200","2.00","10000","10250","9740","1298214","12947736570","414114104400","40599422"
"003560","IHQ","2530","-110","-4.17","2720","2805","2450","8755627","22629293250","369976442440","146235748"
"175330","JB금융지주","7930","40","0.51","7870","7980","7860","378809","3005047630","1562074349420","196982894"
"234080","JW생명과학","18500","-50","-0.27","18450","18650","18400","47204","872547750","292939249000","15834554"
"001060","JW중외제약","28900","150","0.52","28900","29250","28750","46108","1337439100","622503861400","21539926"
"001067","JW중외제약2우B","76000","-1700","-2.19","76100","76100","73000","3912","289759800","7070128000","93028"
"001065","JW중외제약우","54100","-3400","-5.91","55900","55900","53000","6744","363187100","9601992600","177486"
"096760","JW홀딩스","4715","-5","-0.11","4695","4765","4685","119651","565247890","322700173130","68441182"
"105560","KB금융","58800","900","1.55","58300","59200","58000","1152689","67620159500","24449505696000","415807920"
"002380","KCC","335000","4000","1.21","333000","342000","330000","30606","10281811000","2976967785000","8886471"
"009070","KCTC","7640","-440","-5.45","7970","8670","7330","8519713","68209974120","229200000000","30000000"
"009440","KC그린홀딩스","4660","65","1.41","4605","4660","4595","35293","162898860","104547006800","22434980"
"119650","KC코트렐","7620","-20","-0.26","7610","7670","7570","68230","519203360","99060000000","13000000"
"092220","KEC","2120","35","1.68","2100","2170","2080","1897467","4040480070","247418712800","116706940"
"016380","KG동부제철","21600","1050","5.11","20600","21950","20600","900791","19240349050","2160192175200","100008897"
"016385","KG동부제철우","166000","-1000","-0.60","167000","172500","164000","1270","212993500","8861910000","53385"
"001390","KG케미칼","30450","1650","5.73","31000","32600","29900","1142242","35451848700","422222623200","13866096"
"033180","KH 필룩스","3400","90","2.72","3320","3410","3320","1532699","5159922160","451281755200","132729928"
"001940","KISCO홀딩스","19850","1150","6.15","18700","19950","18550","137858","2652808550","366756143000","18476380"
"025000","KPX케미칼","69800","-2200","-3.06","71200","71200","67500","28574","1979368400","337832000000","4840000"
"092230","KPX홀딩스","72600","-1500","-2.02","73000","75400","71500","62729","4566589600","306709299600","4224646"
"000040","KR모터스","1130","-20","-1.74","1150","1175","1125","917427","1044799705","108635225840","96137368"
"044450","KSS해운","12800","0","0.00","13050","13200","12700","622542","8037839800","296779264000","23185880"
"030200","KT","32300","1050","3.36","31350","32750","31250","2500576","80566274200","8433911398400","261111808"
"033780","KT&G","82800","100","0.12","83000","83400","82700","358909","29807433200","11367818751600","137292497"
"030210","KTB투자증권","5940","350","6.26","5720","5980","5640","889224","5199434890","358265706480","60314092"
"058850","KTcs","3170","140","4.62","3030","3260","3025","2530858","8021787980","135311450000","42685000"
"058860","KTis","3135","85","2.79","3030","3160","3030","364111","1134495540","109104270000","34802000"
"093050","LF","19500","650","3.45","18850","19500","18800","249421","4793956100","570180000000","29240000"
"003550","LG","126500","0","0.00","0","0","0","0","0","21828477071500","172557131"
"034220","LG디스플레이","23150","950","4.28","22150","23200","22150","3287855","74757203200","8283433455000","357815700"
"001120","LG상사","34950","600","1.75","34350","35400","34350","182644","6386808250","1354662000000","38760000"
"051900","LG생활건강","1518000","0","0.00","1534000","1536000","1518000","30246","46198785000","23708423046000","15618197"
"051905","LG생활건강우","732000","4000","0.55","728000","732000","725000","6682","4876476000","1536978204000","2099697"
"003555","LG우","99500","0","0.00","0","0","0","0","0","329810361500","3314677"
"032640","LG유플러스","15000","200","1.35","15000","15200","14850","2790836","41983907700","6549170415000","436611361"
"011070","LG이노텍","193000","500","0.26","194000","195000","190500","98797","19011482000","4567751651000","23667107"
"066570","LG전자","150000","2500","1.69","148000","150500","147000","551940","82449824500","24547172100000","163647814"
"066575","LG전자우","71600","200","0.28","71100","72200","71100","56435","4046321400","1230517027200","17185992"
"108670","LG하우시스","101500","1500","1.50","101500","103500","100000","108468","11009147500","910218505000","8967670"
"108675","LG하우시스우","47800","350","0.74","47500","48700","47000","10163","485102650","49345374000","1032330"
"037560","LG헬로비전","5050","10","0.20","5030","5080","5020","361111","1823739810","391106668250","77446865"
"051910","LG화학","881000","21000","2.44","868000","889000","865000","185804","163122128000","62191854183000","70592343"
"051915","LG화학우","410000","9000","2.24","400000","410000","400000","16198","6583009000","3152408000000","7688800"
"079550","LIG넥스원","40850","1500","3.81","38850","41200","38700","252175","10236076850","898700000000","22000000"
"006260","LS","73800","2800","3.94","72200","74700","72200","232424","17155080600","2376360000000","32200000"
"010120","LS ELECTRIC","55100","300","0.55","55100","55800","54800","86345","4771612100","1653000000000","30000000"
"000680","LS네트웍스","2920","-10","-0.34","2930","2980","2850","106297","308725610","230104806720","78803016"
"229640","LS전선아시아","8010","30","0.38","7980","8080","7890","175710","1402220620","245305280790","30624879"
"023150","MH에탄올","10250","0","0.00","10150","10400","10100","52957","542796450","75629891500","7378526"
"035420","NAVER","349500","5500","1.60","347000","349500","345000","445015","154774393000","57410056552500","164263395"
"181710","NHN","72100","-300","-0.41","72400","72600","71500","88205","6331234100","1410638302500","19565025"
"005940","NH투자증권","13400","400","3.08","13050","13400","13050","987662","13123152250","3770879085800","281408887"
"005945","NH투자증권우","11600","150","1.31","11500","11700","11450","94267","1094656250","218903228800","18870968"
"338100","NH프라임리츠","4605","30","0.66","4575","4630","4575","148734","685374355","85929300000","18660000"
"034310","NICE","18750","100","0.54","18650","18850","18450","39966","743806200","710293125000","37882300"
"008260","NI스틸","5730","90","1.60","5640","5940","5540","2183108","12660224040","163878670410","28600117"
"004250","NPC","4375","5","0.11","4370","4445","4320","166409","726657235","160650000000","36720000"
"004255","NPC우","2900","-5","-0.17","2900","2965","2885","23249","67662265","15312000000","5280000"
"010060","OCI","125000","2000","1.63","124000","125000","120000","215839","26458672000","2981171375000","23849371"
"005490","POSCO","385500","18500","5.04","367000","388000","367000","597298","227986252750","33610524892500","87186835"
"010950","S-Oil","99900","2300","2.36","99000","100500","98800","617457","61639609900","11247020920800","112582792"
"010955","S-Oil우","59400","2700","4.76","57100","60000","57100","55491","3263363200","238902463800","4021927"
"034120","SBS","38900","0","0.00","38500","42000","37950","424248","16810911700","710025439800","18252582"
"101060","SBS미디어홀딩스","2010","0","0.00","2010","2025","1985","691748","1384459260","281191341900","139896190"
"005090","SGC에너지","44500","250","0.56","44200","44700","43800","46206","2052031000","653126678000","14677004"
"001380","SG글로벌","4000","50","1.27","3930","4020","3920","548171","2180304450","179856572000","44964143"
"004060","SG세계물산","763","22","2.97","737","765","732","929857","697726589","154450244480","202424960"
"002360","SH에너지화학","1205","-15","-1.23","1225","1355","1200","62463522","80356337330","133916144650","111133730"
"009160","SIMPAC","4470","-90","-1.97","4610","4725","4415","324713","1469415945","292469936520","65429516"
"123700","SJM","5730","310","5.72","5440","5880","5430","452881","2581623600","89416065540","15604898"
"025530","SJM홀딩스","4390","120","2.81","4270","4405","4270","140658","613932205","65560295120","14934008"
"034730","SK","269500","1000","0.37","273000","274000","269000","119553","32376894500","18962100041500","70360297"
"011790","SKC","129000","1000","0.78","128500","130000","127500","195864","25247379500","4885010442000","37868298"
"018670","SK가스","106500","2500","2.40","105000","108500","103500","40324","4312550000","983020986000","9230244"
"001740","SK네트웍스","5630","60","1.08","5520","5670","5520","1093582","6152604890","1397296452610","248187647"
"001745","SK네트웍스우","123500","-500","-0.40","124000","126000","122500","351","43390000","14035528000","113648"
"006120","SK디스커버리","53900","800","1.51","53000","54300","53000","32020","1728171700","1026140384500","19037855"
"006125","SK디스커버리우","42500","-50","-0.12","42550","43250","42500","5858","250876450","57734337500","1358455"
"210980","SK디앤디","35350","-200","-0.56","35600","35800","35050","50381","1777985700","671302297400","18990164"
"068400","SK렌터카","13250","-150","-1.12","13450","13850","13150","426060","5722213950","626537380000","47285840"
"302440","SK바이오사이언스","159500","0","0.00","160500","167500","159000","949512","154172242000","12201750000000","76500000"
"326030","SK바이오팜","113000","2000","1.80","112000","113000","110500","223112","24916625000","8849397250000","78313250"
"361610","SK아이이테크놀로지","144000","6000","4.35","139000","146500","138500","1474901","211766800500","10266853248000","71297592"
"03473K","SK우","249500","500","0.20","250000","250000","247500","2932","729199000","141250682500","566135"
"096770","SK이노베이션","278000","4000","1.46","276000","281500","275500","694776","193549349500","25705426792000","92465564"
"096775","SK이노베이션우","189500","1000","0.53","189000","191000","188000","7863","1489962500","236576727000","1248426"
"001510","SK증권","1010","10","1.00","1005","1010","999","4957668","4982903903","477316072710","472590171"
"001515","SK증권우","5420","-40","-0.73","5400","5430","5400","19378","104982590","21205825880","3912514"
"285130","SK케미칼","256000","-1000","-0.39","256500","263000","256000","63960","16626606500","3008357376000","11751396"
"28513K","SK케미칼우","121500","-1000","-0.82","120000","123000","120000","8518","1037107000","177228405000","1458670"
"017670","SK텔레콤","306500","-500","-0.16","309000","311000","302500","287557","88073737000","22086433829500","72060143"
"000660","SK하이닉스","121000","3500","2.98","117500","122000","117500","3470048","418341013500","88088286165000","728002365"
"064960","SNT모티브","62900","1800","2.95","61100","62900","60700","82260","5116939700","919795254400","14623136"
"100840","SNT에너지","18650","150","0.81","18450","18650","18400","18631","345317800","140000160150","7506711"
"003570","SNT중공업","8920","100","1.13","8790","8950","8760","42177","374547310","296614057240","33252697"
"036530","SNT홀딩스","19650","-250","-1.26","19750","19900","19500","27107","533139500","320371359900","16303886"
"005610","SPC삼립","88700","-900","-1.00","89600","90700","86100","51876","4549930100","765393098300","8629009"
"011810","STX","10350","250","2.48","10050","10350","9700","153986","1538275890","204173435700","19726902"
"077970","STX엔진","15750","-200","-1.25","15150","15900","15000","245147","3758869750","362390238000","23008904"
"071970","STX중공업","9080","-150","-1.63","8930","9190","8820","664498","5952745940","257563062080","28365976"
"002820","SUN&L","7340","140","1.94","7490","7520","7210","105907","783749560","92542639260","12607989"
"084870","TBH글로벌","2095","60","2.95","2055","2110","2055","78969","164526520","43695035805","20856819"
"002710","TCC스틸","4980","60","1.22","4920","5060","4920","314641","1572481685","117030000000","23500000"
"002900","TYM","1675","10","0.60","1685","1700","1670","1467981","2466978500","229269921375","136877565"
"024070","WISCOM","4480","-15","-0.33","4435","4615","4435","234106","1055850460","68662442240","15326438"
"037270","YG PLUS","6010","0","0.00","5960","6120","5880","1109234","6686692550","381210754100","63429410"
"000500","가온전선","27200","-500","-1.81","27750","27800","27150","40583","1109332000","113161438400","4160347"
"000860","강남제비스코","30650","1250","4.25","29400","30850","29400","34452","1048552300","199225000000","6500000"
"035250","강원랜드","26300","50","0.19","26500","26600","26100","983395","25889339800","5626635150000","213940500"
"011420","갤럭시아에스엠","2230","20","0.90","2200","2275","2130","656393","1459389205","61435706120","27549644"
"002100","경농","16050","350","2.23","15750","16300","15750","271197","4346744400","313337328750","19522575"
"009450","경동나비엔","64600","1400","2.22","63300","65000","62600","122776","7855578900","878865558000","13604730"
"267290","경동도시가스","25000","1000","4.17","24250","25500","24100","85898","2130614800","147385150000","5895406"
"012320","경동인베스트","41700","-1250","-2.91","42950","42950","40400","33261","1380354200","98621459100","2365023"
"000050","경방","14650","450","3.17","14200","14750","14200","69863","1015636250","401633705500","27415270"
"214390","경보제약","12800","-50","-0.39","12850","13050","12600","138756","1773833250","306007808000","23906860"
"012610","경인양행","7220","-60","-0.82","7300","7310","7180","289127","2090476460","299170555300","41436365"
"009140","경인전자","30300","-100","-0.33","30400","30400","29850","2145","64554400","47595149100","1570797"
"013580","계룡건설","35850","2150","6.38","33750","36100","33750","175354","6191450600","320173015950","8930907"
"012200","계양전기","4585","105","2.34","4495","4630","4460","250261","1144801155","149471000000","32600000"
"012205","계양전기우","8380","-20","-0.24","8400","8400","8290","15411","128379970","11732000000","1400000"
"002140","고려산업","4140","120","2.99","4020","4175","4020","462447","1894161785","103249219500","24939425"
"010130","고려아연","477500","22500","4.95","460000","477500","458500","69019","32411910000","9010425000000","18870000"
"002240","고려제강","28250","600","2.17","27950","28800","27800","118805","3353016400","649750000000","23000000"
"009290","광동제약","9180","20","0.22","9150","9230","9100","184526","1693872070","481223412180","52420851"
"017040","광명전기","2620","45","1.75","2580","2715","2580","600038","1579810580","113544551300","43337615"
"017900","광전자","2430","25","1.04","2405","2440","2400","166976","403940390","140803344090","57943763"
"037710","광주신세계","195000","4000","2.09","191000","195500","191000","2703","523740000","312000000000","1600000"
"030610","교보증권","9100","260","2.94","8950","9150","8900","216389","1956033410","588344993600","64653296"
"339770","교촌에프앤비","19450","-200","-1.02","19650","19850","19300","149941","2941026800","485910403000","24982540"
"007690","국도화학","76800","4500","6.22","72700","77000","72600","84746","6411250100","446255308800","5810616"
"005320","국동","3505","-20","-0.57","3485","3590","3450","551862","1936946010","183938085345","52478769"
"001140","국보","1835","55","3.09","1775","1870","1735","630193","1138349695","98661110955","53766273"
"002720","국제약품","7280","-60","-0.82","7300","7330","7220","69344","503581310","140329935200","19276090"
"083420","그린케미칼","11600","-300","-2.52","11750","11850","11500","166234","1929899450","278400000000","24000000"
"014530","극동유화","5430","150","2.84","5240","5480","5220","807685","4344678090","189340950600","34869420"
"014280","금강공업","7230","520","7.75","6710","7640","6660","838205","5997944350","210938395050","29175435"
"014285","금강공업우","14600","50","0.34","14700","14700","14500","6611","96522100","8612175000","589875"
"008870","금비","78000","-2100","-2.62","80100","80100","77700","3579","281989100","78000000000","1000000"
"001570","금양","5200","0","0.00","5190","5210","5080","142507","733076680","248638582400","47815112"
"002990","금호건설","10550","350","3.43","10200","10650","10200","315747","3319813050","386487898200","36633924"
"002995","금호건설우","39500","-1500","-3.66","41000","42000","39250","8284","331883500","11544507000","292266"
"011780","금호석유","233000","5500","2.42","226500","235500","226000","525511","121187175000","7098972003000","30467691"
"011785","금호석유우","121500","-500","-0.41","120000","124500","119000","85847","10401925000","367353549000","3023486"
"214330","금호에이치티","2460","-5","-0.20","2460","2525","2460","1799539","4469616440","308133846060","125257661"
"001210","금호전기","3000","-115","-3.69","3080","3085","2960","257691","774451360","37450719000","12483573"
"073240","금호타이어","4750","-40","-0.84","4885","4980","4710","1542254","7431754595","1364486363250","287260287"
"092440","기신정기","5190","40","0.78","5170","5220","5120","82770","426749600","151548000000","29200000"
"000270","기아","83000","1400","1.72","81500","83200","81500","2000011","165592183000","33645157801000","405363347"
"024110","기업은행","11000","200","1.85","10800","11100","10800","2705553","29751446700","8187306457000","744300587"
"013700","까뮤이앤씨","2505","85","3.51","2400","2530","2365","552658","1365688770","113106461400","45152280"
"004540","깨끗한나라","6620","-80","-1.19","6700","6730","6550","350207","2316338460","246533387660","37240693"
"004545","깨끗한나라우","39000","-1900","-4.65","40300","40300","36300","23908","916957650","14280240000","366160"
"001260","남광토건","17300","200","1.17","17100","17300","16850","144030","2469315150","170039987300","9828901"
"008350","남선알미늄","3705","-5","-0.13","3710","3765","3700","1245181","4638041560","408213528450","110179090"
"008355","남선알미우","42400","-1400","-3.20","43850","43850","42400","4001","172306700","13054536000","307890"
"004270","남성","3855","-20","-0.52","3820","3880","3820","357876","1373049820","139597876800","36212160"
"003920","남양유업","385000","-7500","-1.91","392500","394500","381000","5439","2096838000","277200000000","720000"
"003925","남양유업우","175500","-2500","-1.40","178500","178500","175000","350","61355000","29249181000","166662"
"025860","남해화학","9390","100","1.08","9190","9430","9160","394420","3683258180","466484335770","49678843"
"005720","넥센","4985","20","0.40","4955","5040","4865","99974","495693320","266916725345","53543977"
"005725","넥센우","3610","-80","-2.17","3685","3685","3610","10013","36314350","12998166000","3600600"
"002350","넥센타이어","8150","-250","-2.98","8340","8410","8080","520469","4277809610","795993197550","97667877"
"002355","넥센타이어1우B","3570","-80","-2.19","3630","3640","3570","24767","88833245","23205000000","6500000"
"003580","넥스트사이언스","14350","550","3.99","13400","14950","12700","2494558","35061226600","510955958450","35606687"
"251270","넷마블","134000","2500","1.90","132500","135000","132000","216194","28874595500","11517769268000","85953502"
"090350","노루페인트","13550","450","3.44","13100","13700","13050","438141","5854455350","271000000000","20000000"
"090355","노루페인트우","40400","-800","-1.94","42700","42700","37550","47365","1843361150","18710290400","463126"
"000320","노루홀딩스","14800","50","0.34","14750","14950","14600","47604","703338850","196709034800","13291151"
"000325","노루홀딩스우","89000","-6000","-6.32","95000","95000","87000","26374","2338720600","16487250000","185250"
"006280","녹십자","376000","9500","2.59","361500","378500","361500","140491","52295307000","4394138288000","11686538"
"005250","녹십자홀딩스","38800","700","1.84","36700","39050","36700","345327","13197188900","1824694548000","47028210"
"005257","녹십자홀딩스2우","99600","-900","-0.90","98100","99800","97600","3381","332991800","84260604000","845990"
"004370","농심","292500","-3500","-1.18","290500","293000","286000","76248","22033185000","1779172785000","6082642"
"072710","농심홀딩스","82500","-500","-0.60","82400","83100","81700","18384","1512015100","382617675000","4637790"
"058730","다스코","5210","-60","-1.14","5260","5260","5130","60064","311657530","84923000000","16300000"
"023590","다우기술","28350","900","3.28","28250","28700","27900","334035","9445833050","1271968591950","44866617"
"019680","대교","4450","5","0.11","4405","4450","4365","155231","684543835","376927682500","84702850"
"019685","대교우B","3185","55","1.76","3130","3215","3130","43197","136295100","61874963150","19426990"
"006370","대구백화점","10850","-50","-0.46","10850","10950","10800","5161","55977850","117414479350","10821611"
"008060","대덕","7120","10","0.14","7110","7150","7100","416253","2963417840","241297868000","33890150"
"00806K","대덕1우","10700","250","2.39","10500","10800","10500","26196","278487100","12972219900","1212357"
"353200","대덕전자","14550","0","0.00","14550","14700","14450","396221","5771419300","719016258750","49416925"
"35320K","대덕전자1우","13350","50","0.38","13400","13450","13000","73234","964962550","27975178650","2095519"
"000490","대동","13000","500","4.00","12650","13600","12300","3864078","50666553250","308466730000","23728210"
"008110","대동전자","8400","20","0.24","8380","8650","8260","38578","325356710","88119754800","10490447"
"005750","대림B&Co","7180","50","0.70","7120","7230","7060","54051","387119680","119706683200","16672240"
"006570","대림통상","4050","-90","-2.17","4095","4165","4030","25168","102445035","61661250000","15225000"
"001680","대상","29750","250","0.85","29700","30350","29450","547523","16324735300","1030778743750","34648025"
"001685","대상우","22400","-400","-1.75","22800","23200","22000","20038","453840950","30692995200","1370223"
"084690","대상홀딩스","12400","-400","-3.13","12750","13050","12350","379778","4793903050","449035471200","36212538"
"084695","대상홀딩스우","18650","-50","-0.27","19100","19150","17900","107321","1968801150","17036439300","913482"
"128820","대성산업","5800","850","17.17","5000","6280","4950","15835512","93157973995","262365772400","45235478"
"117580","대성에너지","6400","450","7.56","5950","6750","5930","3580258","22937499910","176000000000","27500000"
"016710","대성홀딩스","34150","-350","-1.01","34150","35800","34050","73260","2534592350","549455024850","16089459"
"003540","대신증권","18750","400","2.18","18550","19000","18500","90152","1691506850","952001250000","50773400"
"003547","대신증권2우B","16350","450","2.83","15950","16350","15950","21381","346082750","163500000000","10000000"
"003545","대신증권우","16700","450","2.77","16300","16700","16300","109096","1802673350","434200000000","26000000"
"009190","대양금속","4720","70","1.51","4710","4840","4655","809530","3853503430","139551232080","29565939"
"014160","대영포장","2615","25","0.97","2590","2660","2535","1159164","2994654675","283451745635","108394549"
"047040","대우건설","7770","420","5.71","7440","7890","7420","10224705","78964607820","3229387897260","415622638"
"009320","대우부품","2400","10","0.42","2395","2415","2380","125992","302377400","114351300000","47646375"
"042660","대우조선해양","36600","-150","-0.41","35600","37050","35100","824226","29676619800","3926838485400","107290669"
"003090","대웅","36200","2000","5.85","34200","36500","34200","613082","21947364900","2104739676000","58141980"
"069620","대웅제약","156000","11000","7.59","145000","158000","145000","284230","44006887500","1807505700000","11586575"
"000430","대원강업","4220","5","0.12","4260","4260","4180","114228","480560385","261640000000","62000000"
"006340","대원전선","1605","55","3.55","1545","1615","1540","1049731","1661889180","113982232035","71016967"
"006345","대원전선우","3390","-130","-3.69","3520","3520","3380","31220","106972250","8885868000","2621200"
"003220","대원제약","16300","100","0.62","15950","16500","15800","86865","1406836050","345964614900","21224823"
"024890","대원화성","2855","-155","-5.15","3010","3015","2810","2437481","6983769420","117766328960","41249152"
"002880","대유에이텍","1175","15","1.29","1165","1180","1145","523435","607742545","130391362100","110971372"
"000300","대유플러스","1075","0","0.00","1075","1115","1055","2129182","2307769635","128780122725","119795463"
"012800","대창","2650","70","2.71","2595","2695","2595","3869689","10258652395","241522322350","91140499"
"015230","대창단조","9210","170","1.88","9020","9270","8960","110116","1005826490","131575119150","14286115"
"001070","대한방직","43500","0","0.00","43500","43900","43450","2241","97460050","230550000000","5300000"
"006650","대한유화","275000","10000","3.77","266500","277000","266500","51968","14174590500","1787500000000","6500000"
"001440","대한전선","1260","40","3.28","1210","1265","1210","9225929","11434326475","1079155991340","856473009"
"084010","대한제강","22900","2100","10.10","21200","23000","21050","900610","19994514700","564410208600","24646734"
"001790","대한제당","3665","20","0.55","3650","3675","3595","686730","2496851895","164368982850","44848290"
"001795","대한제당우","5560","-130","-2.28","5770","5900","5400","243697","1352872910","18022072800","3241380"
"001130","대한제분","178000","-4500","-2.47","180000","181000","175000","27796","4930090500","300820000000","1690000"
"003490","대한항공","30000","-500","-1.64","30600","30800","29550","4802020","143994462000","10434624750000","347820825"
"003495","대한항공우","42850","-950","-2.17","43950","44300","42300","64138","2761877350","47597522900","1110794"
"005880","대한해운","3465","50","1.46","3415","3530","3415","3377493","11751553835","846399326850","244271090"
"003830","대한화섬","142500","2500","1.79","141500","144000","139000","2089","294906000","189240000000","1328000"
"016090","대현","2760","50","1.85","2685","2850","2685","1085226","3002158275","122219175600","44282310"
"069460","대호에이엘","3630","-105","-2.81","3695","3920","3630","6207507","23413968035","101299241010","27906127"
"192080","더블유게임즈","67000","2300","3.55","65200","67100","65200","131063","8705147600","1231091634000","18374502"
"012510","더존비즈온","82500","3600","4.56","79100","83400","79100","279459","22789287800","2503104532500","30340661"
"004830","덕성","26200","550","2.14","25300","26250","24550","1120590","28339733150","410816000000","15680000"
"004835","덕성우","49000","-1200","-2.39","49750","50700","48500","118845","5843183600","68208000000","1392000"
"024900","덕양산업","3350","0","0.00","3460","3460","3295","261849","873120920","109092683000","32564980"
"145720","덴티움","56700","-700","-1.22","57400","57500","56200","37004","2095993800","627602661000","11068830"
"002150","도화엔지니어링","9370","130","1.41","9270","9430","9190","160235","1492289870","315956400000","33720000"
"001230","동국제강","25250","1850","7.91","23750","25900","23500","5334664","132634345050","2409676609250","95432737"
"023450","동남합성","52200","400","0.77","51800","52400","51800","1992","104043000","188442000000","3610000"
"004140","동방","6450","300","4.88","6150","7200","5900","20756827","140934921360","257817890700","39971766"
"007590","동방아그로","8030","140","1.77","7850","8060","7750","45676","361295310","109349143310","13617577"
"005960","동부건설","12650","100","0.80","12650","12750","12500","127065","1601890350","287487669700","22726298"
"005965","동부건설우","66300","1400","2.16","64800","67000","59800","28626","1792738200","14966031600","225732"
"026960","동서","30150","0","0.00","30700","30700","30150","91557","2776142750","3005955000000","99700000"
"002210","동성제약","11500","0","0.00","11400","11550","11400","99964","1145367900","300161155000","26100970"
"102260","동성케미컬","6230","-200","-3.11","6400","6420","6010","486399","3019492360","309567005440","49689728"
"000640","동아쏘시오홀딩스","126000","1500","1.20","125500","126500","122500","39844","4971457500","775573596000","6155346"
"170900","동아에스티","87300","800","0.92","86500","87700","86300","33486","2919062300","737149676400","8443868"
"028100","동아지질","22850","650","2.93","21850","22900","21800","526248","11900235600","262775000000","11500000"
"282690","동아타이어","12600","50","0.40","12450","12800","12150","73937","922873150","173035989000","13733015"
"001520","동양","1425","15","1.06","1420","1435","1400","571660","811507935","340124789775","238684063"
"001527","동양2우B","27550","-1450","-5.00","31100","32500","27100","104678","3020893400","8501075950","308569"
"001529","동양3우B","73000","-5900","-7.48","85500","88500","58400","66802","5009278300","6549706000","89722"
"084670","동양고속","23900","0","0.00","23900","24100","23750","7269","173943400","69204099100","2895569"
"082640","동양생명","5520","100","1.85","5400","5680","5390","383893","2135351110","890699389200","161358585"
"001525","동양우","13200","1000","8.20","14050","15700","13200","282648","3950460800","8154049200","617731"
"008970","동양철관","1635","15","0.93","1565","1690","1550","5202204","8470851575","194377449150","118885290"
"092780","동양피스톤","5710","0","0.00","5710","5780","5610","41292","233945360","75191906600","13168460"
"049770","동원F&B","231000","2500","1.09","230000","233500","224500","14235","3270306000","891457644000","3859124"
"018500","동원금속","1130","20","1.80","1110","1135","1100","346593","387967780","52833074290","46754933"
"006040","동원산업","293000","8500","2.99","284500","293500","284000","3316","963311500","1077548813000","3677641"
"030720","동원수산","9260","-30","-0.32","9280","9280","9150","56956","524375770","43094234300","4653805"
"014820","동원시스템즈","44300","1650","3.87","43350","44500","42800","33994","1494621600","1134900037300","25618511"
"014825","동원시스템즈우","45950","2650","6.12","43300","46000","42000","6093","271082200","12193200100","265358"
"163560","동일고무벨트","9920","290","3.01","9680","9930","9680","50891","499516890","137888000000","13900000"
"004890","동일산업","101000","1500","1.51","100000","102500","99000","4502","450407400","244946715000","2425215"
"002690","동일제강","4725","-15","-0.32","4740","4845","4720","712020","3407273590","70875000000","15000000"
"000020","동화약품","14950","-50","-0.33","15000","15150","14850","106804","1598173850","417575476500","27931470"
"000150","두산","71800","2300","3.31","69500","72600","69200","165481","11802485500","1186411353000","16523835"
"000157","두산2우B","77300","0","0.00","77300","79100","76600","3449","268793000","69031837400","893038"
"241560","두산밥캣","50000","2000","4.17","48650","50000","48100","290408","14238030300","5012458300000","100249166"
"000155","두산우","50100","1750","3.62","48450","50200","48300","37115","1843854700","200222746200","3996462"
"042670","두산인프라코어","10350","0","0.00","10300","10450","10250","1654477","17138494300","2307724233750","222968525"
"034020","두산중공업","12600","100","0.80","12500","12700","12450","1422357","17894542550","5323265451000","422481385"
"336260","두산퓨얼셀","39600","700","1.80","39200","39750","38550","421866","16593734800","2593551549600","65493726"
"33626K","두산퓨얼셀1우","14800","150","1.02","14600","14900","14550","25028","369984250","197790160000","13364200"
"33626L","두산퓨얼셀2우B","17700","150","0.85","17850","18000","17650","6299","112275500","52857510000","2986300"
"016740","두올","4980","25","0.50","5000","5050","4930","806904","4023204335","134792066400","27066680"
"192650","드림텍","9920","110","1.12","10100","10200","9920","314887","3160966820","647625721920","65284851"
"024090","디씨엠","16800","0","0.00","16650","16950","16500","54180","908550250","196560000000","11700000"
"003160","디아이","6920","60","0.87","6860","6950","6860","82326","569090120","217957752200","31496785"
"092200","디아이씨","5220","-180","-3.33","5290","5300","5060","1532298","7922077920","202998330180","38888569"
"013570","디와이","6050","50","0.83","5990","6070","5940","184353","1109352150","159233779650","26319633"
"210540","디와이파워","19200","200","1.05","19200","19600","18750","229610","4398207450","212000793600","11041708"
"007340","디티알오토모티브","36650","900","2.52","35950","36750","35800","30199","1098164350","366280283250","9994005"
"026890","디피씨","14000","200","1.45","13950","14050","13750","686012","9518673350","583494450000","41678175"
"115390","락앤락","13900","400","2.96","13600","13900","13550","47574","658644600","736806168200","53007638"
"032350","롯데관광개발","20050","650","3.35","19500","20150","19500","1196493","23827559500","1388977023100","69275662"
"330590","롯데리츠","5580","30","0.54","5560","5580","5540","356221","1980066920","1355766372720","242968884"
"000400","롯데손해보험","2030","5","0.25","2025","2040","2000","672204","1355909360","629982729600","310336320"
"023530","롯데쇼핑","115500","-1500","-1.28","115500","117000","115500","92091","10685773500","3267351202500","28288755"
"004000","롯데정밀화학","60700","0","0.00","60700","61200","60200","141849","8604305000","1566060000000","25800000"
"286940","롯데정보통신","39400","-350","-0.88","39750","40000","39400","45667","1811577100","606615441400","15396331"
"280360","롯데제과","151000","2500","1.68","147500","151000","145000","11740","1741111000","968924267000","6416717"
"004990","롯데지주","37700","100","0.27","38000","38450","37550","365314","13830737950","3955078234900","104909237"
"00499K","롯데지주우","63400","-500","-0.78","63400","63500","63100","3163","200348800","62615298200","987623"
"005300","롯데칠성","161500","3500","2.22","156000","163500","156000","47720","7711682000","1449482364500","8975123"
"005305","롯데칠성우","84600","900","1.08","83600","85700","83600","2459","207459900","65591226000","775310"
"011170","롯데케미칼","284500","8500","3.08","276000","286500","276000","179764","50741067500","9751356705500","34275419"
"002270","롯데푸드","424000","5500","1.31","415500","424000","415500","3319","1390827500","479912880000","1131870"
"071840","롯데하이마트","40400","200","0.50","40250","41100","40200","75423","3068998100","953751564800","23607712"
"027740","마니커","753","4","0.53","749","756","743","888995","666699815","149449863282","198472594"
"204320","만도","67300","1800","2.75","65400","67500","65400","706895","47128728700","3160214176000","46957120"
"001080","만호제강","22800","150","0.66","22650","23100","22450","39210","891237900","94620000000","4150000"
"088980","맥쿼리인프라","12050","-50","-0.41","12050","12100","12000","1503520","18095122350","4484919444250","372192485"
"094800","맵스리얼티1","4775","25","0.53","4735","4775","4735","78446","373835370","443283930525","92834331"
"138040","메리츠금융지주","16950","400","2.42","16550","17400","16550","1283721","21752025550","2271491433300","134011294"
"008560","메리츠증권","4345","140","3.33","4190","4370","4180","5722963","24644467845","2946103995560","678044648"
"000060","메리츠화재","17600","0","0.00","17300","18100","17300","1481918","26032264950","2123000000000","120625000"
"090370","메타랩스","1090","35","3.32","1060","1095","1040","417217","443165685","69921458430","64148127"
"017180","명문제약","5410","0","0.00","5400","5460","5360","134527","727743210","183688186140","33953454"
"009900","명신산업","27350","50","0.18","27150","27700","27150","115750","3167694450","1115308932000","40779120"
"012690","모나리자","5150","-40","-0.77","5080","5200","5080","221059","1134230720","188341963250","36571255"
"005360","모나미","5170","20","0.39","5170","5220","5110","194437","1005697050","97699077190","18897307"
"204210","모두투어리츠","4180","-40","-0.95","4265","4310","4090","37091","154756870","32716086700","7826815"
"009680","모토닉","12400","100","0.81","12300","12400","12150","37871","464891600","409200000000","33000000"
"009580","무림P&P","5570","-100","-1.76","5410","5640","5250","1142374","6176748640","347391564680","62368324"
"009200","무림페이퍼","2990","-45","-1.48","3000","3005","2950","307531","914968745","124411836900","41609310"
"033920","무학","8860","-310","-3.38","9040","9140","8790","190925","1693614050","252510000000","28500000"
"008420","문배철강","5590","70","1.27","5540","5780","5370","1090216","6091622580","114614592950","20503505"
"025560","미래산업","15350","0","0.00","15350","15500","15150","19981","305957950","57295179750","3732585"
"007120","미래아이앤지","542","-4","-0.73","547","550","537","1040348","563217987","70180408216","129484148"
"357250","미래에셋맵스리츠","5020","0","0.00","5010","5030","5010","25995","130568580","100902000000","20100000"
"085620","미래에셋생명","4140","-65","-1.55","4165","4215","4090","285899","1180895975","732847022460","177016189"
"006800","미래에셋증권","10250","280","2.81","10050","10250","10000","1643074","16712564950","6511993182000","635316408"
"00680K","미래에셋증권2우B","4960","75","1.54","4885","4960","4850","335874","1656860485","694400000000","140000000"
"006805","미래에셋증권우","6770","90","1.35","6680","6860","6540","103955","702504700","95292827500","14075750"
"002840","미원상사","210500","-1500","-0.71","212000","215000","206000","4659","980458000","1046185000000","4970000"
"268280","미원에스씨","170500","0","0.00","171500","174500","169500","1798","306943000","869550000000","5100000"
"107590","미원홀딩스","126500","-1500","-1.17","127500","132000","124500","2811","358508000","293480000000","2320000"
"134380","미원화학","75400","-500","-0.66","75300","75400","75300","1277","96161500","165824807200","2199268"
"003650","미창석유","85700","2100","2.51","83600","85900","83100","5222","443180300","149089890400","1739672"
"155900","바다로19호","2610","-5","-0.19","2610","2620","2590","24208","62932315","39672010440","15200004"
"003610","방림","2935","-25","-0.84","3080","3080","2910","761270","2267493390","124191854150","42314090"
"001340","백광산업","5580","260","4.89","5320","5580","5270","2007726","10935413800","250644711060","44918407"
"035150","백산","9660","-100","-1.02","9700","9760","9270","522136","4975453010","233772000000","24200000"
"002410","범양건영","4035","15","0.37","4000","4050","3980","108769","437996020","100197047370","24831982"
"096300","베트남개발1","233","-2","-0.85","235","235","230","527618","122327350","32079489163","137680211"
"007210","벽산","4260","220","5.45","4100","4330","4075","1948945","8205306565","292065600000","68560000"
"002760","보락","2430","30","1.25","2405","2430","2330","1150521","2748406005","145557000000","59900000"
"003850","보령제약","22350","200","0.90","22150","22500","22000","238760","5316575950","1164882000000","52120000"
"000890","보해양조","1190","40","3.48","1160","1200","1155","5659995","6681577665","162775315010","136785979"
"003000","부광약품","20800","500","2.46","20500","20850","20400","349538","7232436550","1478111419200","71063049"
"001270","부국증권","25150","100","0.40","25050","25300","24800","6604","165359700","260802632900","10369886"
"001275","부국증권우","22200","100","0.45","22000","22400","22000","1200","26668600","66600000000","3000000"
"026940","부국철강","4925","65","1.34","4860","5030","4860","346613","1714717890","98500000000","20000000"
"015350","부산가스","64600","3700","6.08","60900","72500","60900","344430","23445643900","710600000000","11000000"
"011390","부산산업","139500","4000","2.95","137500","140500","135500","14400","1978884500","147312000000","1056000"
"005030","부산주공","568","-6","-1.05","574","577","564","326627","185668947","32290525656","56849517"
"002070","비비안","3690","120","3.36","3530","3720","3530","632477","2320193335","102604970250","27806225"
"100220","비상교육","8900","390","4.58","8640","9000","8450","305749","2687425940","115670994900","12996741"
"030790","비케이탑스","8110","-400","-4.70","8500","8730","7910","388594","3165510200","106466855390","13127849"
"005180","빙그레","61600","-700","-1.12","62100","62900","60900","80950","4988127600","606836445600","9851241"
"003960","사조대림","21450","850","4.13","23350","23350","21450","556925","12267604900","196577817150","9164467"
"008040","사조동아원","1380","-5","-0.36","1400","1415","1370","1678850","2324907585","194779548000","141144600"
"007160","사조산업","50300","0","0.00","52000","52100","49800","37533","1899432200","251500000000","5000000"
"014710","사조씨푸드","6270","110","1.79","6290","6300","6190","164181","1023999730","107960264610","17218543"
"006090","사조오양","11300","100","0.89","11450","11600","11050","123536","1399244700","106476950700","9422739"
"001470","삼부토건","2725","0","0.00","2750","2755","2700","901006","2448041670","374813852800","137546368"
"006400","삼성SDI","631000","8000","1.28","629000","631000","617000","183687","115068291000","43390418430000","68764530"
"006405","삼성SDI우","414000","-2500","-0.60","416500","417500","410000","4271","1769252000","669808944000","1617896"
"006660","삼성공조","16800","350","2.13","16450","16950","15250","185245","2999904950","136522075200","8126314"
"028260","삼성물산","139500","-500","-0.36","141000","141500","139000","392753","54908516500","26070747799500","186887081"
"02826K","삼성물산우B","136500","0","0.00","135500","137500","135000","6509","885098500","222143512500","1627425"
"207940","삼성바이오로직스","894000","20000","2.29","888000","917000","875000","399446","357485584000","59151510000000","66165000"
"032830","삼성생명","86100","700","0.82","85800","86600","85400","319364","27446317200","17220000000000","200000000"
"018260","삼성에스디에스","180500","1000","0.56","180000","181000","179500","87296","15742490000","13966692900000","77377800"
"028050","삼성엔지니어링","19550","800","4.27","18900","19750","18800","3978098","76851527750","3831800000000","196000000"
"009150","삼성전기","165000","500","0.30","163500","166000","162500","558881","92097352000","12324459840000","74693696"
"009155","삼성전기우","105500","1000","0.96","104500","106500","103000","10169","1070555500","306686812000","2906984"
"005930","삼성전자","79600","0","0.00","79600","80000","79100","17494407","1393769049380","475194690980000","5969782550"
"005935","삼성전자우","73600","-300","-0.41","73600","73900","73500","820313","60459961100","60564461120000","822886700"
"001360","삼성제약","8690","220","2.60","8380","8760","8270","10903601","93568239070","582498946810","67030949"
"010140","삼성중공업","5970","30","0.51","5960","6010","5870","4204263","24937722710","3761100000000","630000000"
"010145","삼성중공우","300000","0","0.00","300500","300500","299000","909","272232500","34453500000","114845"
"016360","삼성증권","45500","600","1.34","45050","45850","45000","426775","19423988750","4063150000000","89300000"
"068290","삼성출판사","43400","-300","-0.69","43450","45800","43250","674574","30046349450","434000000000","10000000"
"029780","삼성카드","33050","150","0.46","32800","33500","32800","261041","8682592100","3829136347550","115858891"
"000810","삼성화재","211000","-500","-0.24","212000","213000","208000","100889","21150900500","9996090607000","47374837"
"000815","삼성화재우","164500","-1000","-0.60","166000","166000","163500","12241","2011956500","525084000000","3192000"
"006110","삼아알미늄","13100","50","0.38","13050","13650","13000","587043","7845512700","144100000000","11000000"
"145990","삼양사","63500","-1200","-1.85","64000","64500","62900","69195","4395534900","654904011500","10313449"
"145995","삼양사우","48400","-450","-0.92","48900","48900","48000","1899","91974300","17911388000","370070"
"003230","삼양식품","87900","-6000","-6.39","91500","91600","87500","297048","26241671500","662152018500","7533015"
"002170","삼양통상","80100","-7100","-8.14","84700","85300","79400","40217","3254443300","240300000000","3000000"
"272550","삼양패키징","29500","-150","-0.51","29150","30150","28800","62207","1839626650","419189218000","14209804"
"000070","삼양홀딩스","119000","4000","3.48","118000","120000","114500","96676","11375485000","1019148249000","8564271"
"000075","삼양홀딩스우","77100","2300","3.07","77500","78100","76700","1219","93697100","23442871800","304058"
"002810","삼영무역","17450","0","0.00","17450","17550","17200","13356","232171450","322248242600","18466948"
"005680","삼영전자","13500","550","4.25","13050","13600","12800","331556","4408718100","270000000000","20000000"
"003720","삼영화학","2755","-25","-0.90","2780","2820","2730","218519","603054040","93670000000","34000000"
"023000","삼원강재","3810","85","2.28","3690","3870","3690","140711","531828495","152400000000","40000000"
"004380","삼익THK","14000","0","0.00","14150","14350","13900","61534","863382800","294000000000","21000000"
"002450","삼익악기","1795","10","0.56","1790","1810","1785","606401","1088629655","162502992425","90530915"
"004440","삼일씨엔에스","15500","700","4.73","14850","15700","14400","112489","1692687350","197345178500","12731947"
"000520","삼일제약","9300","40","0.43","9260","9350","9110","55734","514877990","124721016600","13410862"
"009770","삼정펄프","35000","-100","-0.28","35100","35850","34650","11033","386919050","87498985000","2499971"
"005500","삼진제약","25900","-350","-1.33","26200","26300","25750","52161","1352355650","360010000000","13900000"
"004690","삼천리","91000","3600","4.12","88200","91800","88000","35876","3234159600","369007275000","4055025"
"010960","삼호개발","6280","160","2.61","6140","6310","6120","529212","3295993210","157000000000","25000000"
"004450","삼화왕관","41750","100","0.24","41700","41750","41200","1541","64015900","89945323250","2154379"
"009470","삼화전기","32350","-150","-0.46","33150","38500","32000","1603617","56120794550","213957077000","6613820"
"011230","삼화전자","3855","-15","-0.39","3900","4250","3810","296577","1177353905","40315358700","10457940"
"001820","삼화콘덴서","58800","-900","-1.51","59600","60100","58500","154662","9127728200","611226000000","10395000"
"000390","삼화페인트","12900","100","0.78","12700","13200","12700","100521","1296544300","350924750100","27203469"
"001290","상상인증권","1295","-40","-3.00","1355","1355","1290","1232071","1616620200","125478328290","96894462"
"041650","상신브레이크","4565","10","0.22","4540","4605","4505","101827","464358595","98017169250","21471450"
"075180","새론오토모티브","6010","0","0.00","6010","6060","6010","5503","33164110","115392000000","19200000"
"007540","샘표","57400","400","0.70","56500","58100","55800","15436","882515800","165070920000","2875800"
"248170","샘표식품","57500","800","1.41","56400","57800","55600","53260","3023469700","262676445000","4568286"
"007860","서연","19650","-300","-1.50","20050","20100","19450","525369","10324352750","461378934600","23479844"
"200880","서연이화","9290","-20","-0.21","9220","9400","9200","188436","1753260380","251094179730","27028437"
"017390","서울가스","140000","32000","29.63","108000","140000","108000","94126","12634176000","700000000000","5000000"
"004410","서울식품","352","5","1.44","345","358","337","16524176","5749572310","129523992576","367965888"
"004415","서울식품우","5510","10","0.18","5500","5630","5500","9480","52485100","12256995000","2224500"
"021050","서원","2725","20","0.74","2740","2770","2700","433094","1183561615","129368257750","47474590"
"008490","서흥","58200","-200","-0.34","58500","58900","57500","55758","3238328700","673322376600","11569113"
"007610","선도전기","3915","80","2.09","3785","3920","3780","183100","708690065","70470000000","18000000"
"136490","선진","17650","300","1.73","17400","18000","16950","305139","5383686550","419710010600","23779604"
"014910","성문전자","2395","70","3.01","2325","2395","2300","351576","836586075","46671022515","19486857"
"014915","성문전자우","11150","250","2.29","10800","11150","10400","32400","350458400","6690000000","600000"
"003080","성보화학","5070","0","0.00","5100","5120","5010","110268","557928240","101501400000","20020000"
"004980","성신양회","12600","1800","16.67","11100","12700","11100","4962581","60193438050","308902519800","24516073"
"004985","성신양회우","18900","1100","6.18","17900","18900","17900","91098","1686758750","13903690500","735645"
"011300","성안","787","0","0.00","0","0","0","0","0","44747135820","56857860"
"000180","성창기업지주","3220","5","0.16","3205","3320","3135","1740957","5651347200","224600152000","69751600"
"002420","세기상사","6160","0","0.00","0","0","0","0","0","25107667200","4075920"
"004360","세방","14500","300","2.11","14150","14550","14000","110481","1577489600","279976005000","19308690"
"004365","세방우","8510","-210","-2.41","8370","8530","8370","8813","74886410","31395517500","3689250"
"004490","세방전지","91200","4900","5.68","88000","91800","84400","228554","20339955700","1276800000000","14000000"
"001430","세아베스틸","34500","3300","10.58","31150","34900","31050","1348855","45359199100","1237243105500","35862119"
"306200","세아제강","119500","8000","7.17","112500","121000","112000","43558","5112903000","338937850000","2836300"
"003030","세아제강지주","75600","2900","3.99","73900","76000","71000","9721","728448300","313109269200","4141657"
"019440","세아특수강","17600","800","4.76","16800","18050","16800","81138","1423569950","150832000000","8570000"
"058650","세아홀딩스","112000","5000","4.67","109000","113500","109000","3022","334280000","448000000000","4000000"
"013000","세우글로벌","2470","0","0.00","0","0","0","0","0","70901426570","28705031"
"091090","세원이앤씨","1745","5","0.29","1740","1760","1720","259066","452120725","123696780215","70886407"
"021820","세원정공","8090","0","0.00","0","0","0","0","0","80900000000","10000000"
"067830","세이브존I&C","4115","35","0.86","4120","4150","4065","144435","592410690","168883282925","41040895"
"033530","세종공업","8210","30","0.37","8160","8240","8160","59902","491259470","228410089810","27820961"
"075580","세진중공업","6820","150","2.25","6880","6910","6680","548496","3733743630","387713289920","56849456"
"027970","세하","2120","-40","-1.85","2150","2160","2060","767235","1617985705","122033553640","57562997"
"145210","세화아이엠씨","636","-11","-1.70","639","647","623","2186479","1386619592","100238570340","157607815"
"308170","센트랄모텍","26950","50","0.19","26700","27400","26700","49186","1329509750","232039500000","8610000"
"012600","센트럴인사이트","2490","0","0.00","0","0","0","0","0","33838831080","13589892"
"068270","셀트리온","272000","2500","0.93","265000","273500","263500","439224","118443630500","37513297248000","137916534"
"336370","솔루스첨단소재","52300","-2000","-3.68","54200","55800","51100","1040971","55730585100","1599844343400","30589758"
"33637K","솔루스첨단소재1우","17750","-800","-4.31","18700","18800","17600","76429","1393082000","130753600000","7366400"
"33637L","솔루스첨단소재2우B","29850","-1100","-3.55","30850","32000","29850","12783","389317900","49134592500","1646050"
"248070","솔루엠","24100","50","0.21","24050","24300","23850","270957","6519640300","1189067128500","49338885"
"004430","송원산업","18900","350","1.89","18550","19100","18400","210363","3969116600","453600000000","24000000"
"017550","수산중공업","5470","-120","-2.15","5620","5740","5420","1353384","7542657090","295298841610","53985163"
"053210","스카이라이프","9300","-300","-3.13","9560","9640","9200","341080","3199309460","444744283800","47821966"
"134790","시디즈","79700","2100","2.71","77200","85700","77200","33510","2731540800","159400000000","2000000"
"016590","신대양제지","90500","0","0.00","87700","90600","85300","35213","3100541300","364695271000","4029782"
"029530","신도리코","32400","100","0.31","32550","32550","32000","24021","776042400","326592939600","10080029"
"004970","신라교역","12800","400","3.23","12400","13000","12350","94157","1196312200","204800000000","16000000"
"011930","신성이엔지","2775","-90","-3.14","2855","2860","2725","4092955","11297734135","563312862150","202995626"
"005390","신성통상","1840","-60","-3.16","1890","1905","1835","1853617","3457001660","264423437600","143708390"
"004170","신세계","311500","-7000","-2.20","316000","320500","309000","93459","29255374000","3066773881500","9845181"
"035510","신세계 I&C","170000","-5500","-3.13","174500","174500","169000","17670","3017081000","292400000000","1720000"
"034300","신세계건설","45500","350","0.78","45850","46200","45400","14219","648861050","182000000000","4000000"
"031430","신세계인터내셔날","228000","-5000","-2.15","229000","231500","224500","56932","12930517000","1627920000000","7140000"
"031440","신세계푸드","97700","-1500","-1.51","99200","99400","97000","35858","3508886900","378341296000","3872480"
"006880","신송홀딩스","5520","20","0.36","5560","5600","5390","42101","231155810","65295296160","11828858"
"005800","신영와코루","121000","-3500","-2.81","124500","129000","120500","1797","222017500","108900000000","900000"
"001720","신영증권","63000","1600","2.61","61600","63700","61500","10183","638581900","591332931000","9386237"
"001725","신영증권우","62800","800","1.29","62000","63000","61500","3809","237551600","442976316400","7053763"
"009270","신원","1830","55","3.10","1780","1830","1760","1084019","1952758305","155627773170","85042499"
"009275","신원우","62400","-1600","-2.50","65000","67500","58800","12404","769717300","5662176000","90740"
"002700","신일전자","1965","-15","-0.76","1990","2005","1890","6611055","12759989340","139608378765","71047521"
"019170","신풍제약","69200","1900","2.82","67400","72400","67400","1843676","128463399800","3666561308000","52984990"
"019175","신풍제약우","86200","1700","2.01","85500","92900","83900","51800","4551659400","189640000000","2200000"
"002870","신풍제지","3270","70","2.19","3260","3325","3160","157020","510655195","114314949000","34958700"
"293940","신한알파리츠","8250","50","0.61","8170","8250","8170","73540","603485170","431723514750","52330123"
"055550","신한지주","41300","250","0.61","41450","41800","41150","1396877","57887243900","21335561580200","516599554"
"001770","신화실업","32250","-950","-2.86","33200","33300","32050","8128","264594200","39179815500","1214878"
"004080","신흥","15100","-550","-3.51","15500","15650","15000","25952","394027200","143450000000","9500000"
"102280","쌍방울","640","7","1.11","635","643","631","1726279","1102175446","153905815680","240477837"
"003410","쌍용C&E","7670","80","1.05","7550","7670","7550","726398","5539424350","3864603093650","503859595"
"003620","쌍용차","2770","0","0.00","0","0","0","0","0","415056805540","149840002"
"004770","써니전자","3510","60","1.74","3410","3560","3410","327161","1136818090","122305988610","34845011"
"015540","쎌마테라퓨틱스","6410","0","0.00","0","0","0","0","0","86229499400","13452340"
"004920","씨아이테크","1725","70","4.23","1680","1740","1650","422096","712519475","68916715275","39951719"
"112610","씨에스윈드","69500","100","0.14","69500","70500","69500","199936","13960718500","2930912508500","42171403"
"008700","아남전자","2730","-10","-0.36","2725","2755","2720","403032","1101205305","210550758600","77124820"
"002790","아모레G","76100","900","1.20","76300","76500","74800","140753","10674597600","6275067498000","82458180"
"00279K","아모레G3우(전환)","49600","-100","-0.20","49650","50000","49600","7669","381474950","351773120000","7092200"
"002795","아모레G우","26700","-300","-1.11","27150","27200","26700","66670","1795105900","172048659000","6443770"
"090430","아모레퍼시픽","294000","-500","-0.17","299000","299000","290500","284063","83297514109","17186796060000","58458490"
"090435","아모레퍼시픽우","107000","2000","1.90","105000","109000","104000","72007","7754913500","1129687810000","10557830"
"002030","아세아","141000","3500","2.55","137500","142000","137000","4753","661608000","308934384000","2191024"
"183190","아세아시멘트","142500","7000","5.17","141500","143500","134500","42176","5881904500","555152782500","3895809"
"002310","아세아제지","57400","-100","-0.17","57600","58100","56400","51556","2943025000","514103214800","8956502"
"012170","아센디오","2810","-10","-0.35","2850","2875","2780","100082","281773950","178460840760","63509196"
"267850","아시아나IDT","24600","250","1.03","24450","24650","24050","159702","3897342050","273060000000","11100000"
"020560","아시아나항공","15550","-100","-0.64","15700","15750","15400","737852","11447634550","1157102930200","74411764"
"122900","아이마켓코리아","11850","-400","-3.27","12200","12300","11850","449464","5399250250","396131754000","33428840"
"010780","아이에스동서","63700","300","0.47","62000","64000","60900","165765","10390484000","1967859002200","30892606"
"001780","알루코","4970","-40","-0.80","4980","5070","4955","1358684","6796721385","413540196510","83207283"
"018250","애경산업","27000","-50","-0.18","27050","27300","26850","200322","5412347200","713068245000","26409935"
"161000","애경유화","12600","150","1.20","12600","12850","12400","477795","6027408900","403704000000","32040000"
"011090","에넥스","2465","170","7.41","2295","2490","2280","10587614","25776871625","147879395065","59991641"
"005850","에스엘","29700","3350","12.71","27500","30000","27400","2401012","69652095600","1431637326900","48203277"
"012750","에스원","80200","300","0.38","80300","80800","79900","54207","4357079700","3047534075600","37999178"
"023960","에쓰씨엔지니어링","4270","35","0.83","4315","4345","4155","238553","1022778985","123106606490","28830587"
"298690","에어부산","3565","-35","-0.97","3600","3620","3560","361500","1293570140","292579550000","82070000"
"140910","에이리츠","17600","-400","-2.22","18100","20300","17050","870725","16365796300","74226064000","4217390"
"078520","에이블씨엔씨","8140","-60","-0.73","8200","8330","7980","144606","1177617640","220052356260","27033459"
"015260","에이엔피","1480","20","1.37","1450","1515","1450","187145","277211740","32303085320","21826409"
"007460","에이프로젠 KIC","2240","40","1.82","2180","2350","2165","30162459","68328653160","428765865920","191413333"
"003060","에이프로젠제약","1250","15","1.21","1230","1290","1220","6336739","7991008550","498219708750","398575767"
"244920","에이플러스에셋","8750","100","1.16","8650","8760","8200","316180","2692404220","197817313750","22607693"
"036570","엔씨소프트","823000","8000","0.98","818000","834000","816000","72893","59978874000","18068160106000","21954022"
"138250","엔에스쇼핑","13000","50","0.39","12950","13100","12700","57954","749594600","438048000000","33696000"
"085310","엔케이","1300","-5","-0.38","1285","1305","1265","1174946","1514208860","103978357600","79983352"
"009810","엔케이물산","590","4","0.68","590","590","578","711392","415158567","46869133900","79439210"
"900140","엘브이엠씨홀딩스","3585","-35","-0.97","3620","3690","3565","356227","1285150240","356547239745","99455297"
"014440","영보화학","4770","40","0.85","4710","4770","4680","118031","556595020","95400000000","20000000"
"111770","영원무역","49000","1900","4.03","47200","49950","47200","282454","13904906500","2171261932000","44311468"
"009970","영원무역홀딩스","52200","-600","-1.14","52900","53700","52100","30029","1581438400","711777902400","13635592"
"003520","영진약품","6270","110","1.79","6160","6280","6160","403256","2510577260","1146737423370","182892731"
"000670","영풍","721000","21000","3.00","700000","722000","700000","2728","1960543000","1328110840000","1842040"
"006740","영풍제지","6720","20","0.30","6700","6750","6600","60197","401624360","149184000000","22200000"
"012280","영화금속","2045","60","3.02","1975","2050","1970","1872823","3776910525","109191762725","53394505"
"012160","영흥","1225","0","0.00","1220","1250","1215","730685","897086605","118736283050","96927578"
"015360","예스코홀딩스","37850","-50","-0.13","37800","38450","37050","18051","679205550","227100000000","6000000"
"007310","오뚜기","553000","8000","1.47","549000","553000","543000","5570","3061846000","2030605493000","3671981"
"002630","오리엔트바이오","1630","-40","-2.40","1640","1660","1600","1837030","2975925680","193290298150","118583005"
"271560","오리온","119500","0","0.00","120500","121000","119000","93536","11223135500","4724567774000","39536132"
"001800","오리온홀딩스","17800","50","0.28","17700","18050","17700","164851","2945961150","1115088511600","62645422"
"070960","용평리조트","5250","-20","-0.38","5280","5360","5190","374140","1967419380","252699998250","48133333"
"316140","우리금융지주","11300","200","1.80","11150","11400","11100","2048082","23142135100","8161624817900","722267683"
"033660","우리금융캐피탈","11750","0","0.00","11700","11850","11700","47080","554160750","676164207500","57545890"
"118000","우리들휴브레인","2090","25","1.21","2070","2090","2020","523568","1072665435","111940734400","53560160"
"010050","우리종금","873","14","1.63","859","880","859","6044614","5262873669","763179573438","874203406"
"006980","우성사료","36700","300","0.82","36050","36700","35150","43909","1574643050","113403000000","3090000"
"017370","우신시스템","5110","10","0.20","5080","5140","5010","22561","114813060","93584815940","18314054"
"105840","우진","5280","-30","-0.56","5290","5380","5230","183642","973799070","106815688320","20230244"
"010400","우진아이엔에스","8670","-320","-3.56","8990","8990","8520","56277","490290690","66082740000","7622000"
"049800","우진플라임","4295","-130","-2.94","4410","4410","4150","289314","1238712340","85900000000","20000000"
"016880","웅진","2460","30","1.23","2430","2480","2405","675615","1645631020","195270691800","79378330"
"095720","웅진씽크빅","4055","75","1.88","4100","4125","3980","1764419","7151228395","468376769175","115505985"
"005820","원림","24300","0","0.00","24300","24400","23900","5183","125106400","55840671000","2297970"
"010600","웰바이오텍","3570","-25","-0.70","3595","3650","3405","674338","2385337085","205098474210","57450553"
"008600","윌비스","2290","45","2.00","2245","2350","2240","2021984","4608265050","150617678480","65771912"
"033270","유나이티드제약","57000","-400","-0.70","57400","58300","57000","177472","10192003200","925954854000","16244822"
"014830","유니드","78800","-200","-0.25","80000","80000","77800","49247","3873717700","700519628400","8889843"
"000910","유니온","7870","30","0.38","7820","7950","7770","203808","1603624710","122863441530","15611619"
"047400","유니온머티리얼","3830","50","1.32","3755","3865","3750","384134","1468254595","160860000000","42000000"
"011330","유니켐","1630","-10","-0.61","1630","1640","1580","912296","1465966215","111997859090","68710343"
"077500","유니퀘스트","10950","-150","-1.35","11050","11200","10950","93925","1035738800","299241326250","27327975"
"002920","유성기업","3605","0","0.00","3580","3660","3565","284754","1030793205","93540737500","25947500"
"000700","유수홀딩스","8120","-20","-0.25","8230","8230","7730","247518","1988151570","211459513440","26041812"
"003470","유안타증권","4500","55","1.24","4640","4700","4465","2245612","10194502805","898184592000","199596576"
"003475","유안타증권우","4930","-10","-0.20","5150","5150","4920","222324","1110453360","63657205160","12912212"
"011690","유양디앤유","2440","0","0.00","0","0","0","0","0","359254954280","147235637"
"072130","유엔젤","4095","65","1.61","4030","4100","3960","71324","286557760","54035384130","13195454"
"000220","유유제약","9910","280","2.91","9550","9910","9550","350924","3418748150","165850430240","16735664"
"000225","유유제약1우","16000","1400","9.59","14650","16000","14650","76635","1179534100","36270880000","2266930"
"000227","유유제약2우B","32400","1100","3.51","31250","32400","30850","10870","344606900","10548144000","325560"
"001200","유진투자증권","4770","185","4.03","4615","4825","4590","1325778","6270183990","462052813860","96866418"
"000100","유한양행","64400","500","0.78","64300","64800","64100","131591","8477044900","4506258559600","69972959"
"000105","유한양행우","61500","200","0.33","61900","61900","61200","1625","99560400","72627810000","1180940"
"003460","유화증권","2700","20","0.75","2720","2720","2680","73953","199530650","153096520500","56702415"
"003465","유화증권우","2745","10","0.37","2790","2790","2735","2639","7239215","47972786625","17476425"
"008730","율촌화학","22650","-250","-1.09","22800","23050","22200","134052","3024493700","561720000000","24800000"
"008250","이건산업","16300","-50","-0.31","16350","16700","16050","907942","14902263300","178527950500","10952635"
"025820","이구산업","4490","285","6.78","4285","4535","4260","2783429","12381810760","150154580000","33442000"
"214320","이노션","59000","-300","-0.51","59800","59900","58900","44702","2649254900","1180000000000","20000000"
"088260","이리츠코크렙","6180","10","0.16","6170","6190","6110","47890","294279530","391451026200","63341590"
"139480","이마트","155000","1000","0.65","155000","155500","154500","82613","12794009500","4320751945000","27875819"
"007660","이수페타시스","3650","-50","-1.35","3645","3720","3595","391096","1421347305","150629652700","41268398"
"005950","이수화학","12750","-450","-3.41","13000","13000","12600","851957","10874786250","335914853250","26346263"
"015020","이스타코","3730","365","10.85","3315","4010","3305","22990752","86151425785","159836468000","42851600"
"093230","이아이디","420","-9","-2.10","424","427","415","30974723","13006855658","324803867640","773342542"
"074610","이엔플러스","3520","25","0.72","3500","3530","3465","172302","604342140","166637359680","47340159"
"102460","이연제약","36500","4350","13.53","36400","39550","34250","20894862","778056340950","653671017500","17908795"
"084680","이월드","3565","30","0.85","3530","3570","3505","356595","1265406895","378388732805","106139897"
"350520","이지스레지던스리츠","5050","-10","-0.20","5070","5070","5040","49611","250407900","104030000000","20600000"
"334890","이지스밸류리츠","5010","15","0.30","4990","5020","4990","199514","999560565","120240000000","24000000"
"000760","이화산업","20300","0","0.00","20500","20600","20300","4175","84988900","56840000000","2800000"
"014990","인디에프","1415","-35","-2.41","1450","1480","1370","774789","1100594705","83390187925","58932995"
"101140","인바이오젠","3115","110","3.66","3030","3280","3030","982780","3115862125","160613751655","51561397"
"006490","인스코비","3000","-35","-1.15","3040","3060","2995","615833","1856685185","323237559000","107745853"
"023800","인지컨트롤스","23550","1150","5.13","22400","23700","22300","872634","20202261950","357021014400","15160128"
"034590","인천도시가스","28550","1200","4.39","27350","29300","27350","54825","1552178800","124899226700","4374754"
"129260","인터지스","4520","20","0.44","4545","4550","4410","452430","2032535760","134460390480","29747874"
"023810","인팩","12700","-200","-1.55","13000","13050","12300","98889","1243690950","127000000000","10000000"
"249420","일동제약","15400","-350","-2.22","15650","15750","15300","121633","1878758800","366570589000","23803285"
"000230","일동홀딩스","13900","0","0.00","13800","14250","13800","7358","102586650","160411560000","11540400"
"013360","일성건설","2560","210","8.94","2350","2780","2305","18313636","47784893050","138303692800","54024880"
"003120","일성신약","89100","-1000","-1.11","90000","90000","87800","5837","517407100","237006000000","2660000"
"003200","일신방직","108000","-1500","-1.37","109500","111000","106500","3711","402119000","259200000000","2400000"
"007110","일신석재","2220","85","3.98","2150","2260","2145","3837857","8469182880","171953674200","77456610"
"007570","일양약품","39350","1200","3.15","38600","40500","38150","405198","15902805300","751020878400","19085664"
"007575","일양약품우","42400","700","1.68","41700","42600","41000","6408","267244000","18871392000","445080"
"008500","일정실업","17500","-750","-4.11","18050","18050","16550","15515","265646200","21000000000","1200000"
"081000","일진다이아","40100","0","0.00","40100","40550","40000","32759","1315019300","569539297500","14202975"
"020760","일진디스플","4620","20","0.43","4600","4680","4585","117130","541202440","159243481320","34468286"
"020150","일진머티리얼즈","66300","200","0.30","65300","66800","64900","112452","7440098400","3057148360500","46110835"
"103590","일진전기","4150","70","1.72","4075","4160","4060","319018","1317771860","153883618500","37080390"
"015860","일진홀딩스","5350","80","1.52","5280","5370","5280","120622","643473180","264009034050","49347483"
"226320","잇츠한불","28200","-350","-1.23","28550","28700","28000","71447","2016481350","618406683000","21929315"
"317400","자이에스앤디","10550","150","1.44","10550","10650","10400","190644","2009985750","409155586000","38782520"
"033240","자화전자","19600","650","3.43","18850","19650","18600","190985","3674559350","350840000000","17900000"
"000950","전방","39600","50","0.13","39550","39750","39000","2662","105052750","66528000000","1680000"
"348950","제이알글로벌리츠","5140","-20","-0.39","5150","5160","5130","398888","2050963500","851184000000","165600000"
"194370","제이에스코퍼레이션","20150","-750","-3.59","20800","20800","19450","243789","4845210500","268712360150","13335601"
"025620","제이준코스메틱","2270","-5","-0.22","2245","2270","2165","463667","1025933455","83784406100","36909430"
"036420","제이콘텐트리","47300","1000","2.16","46750","47500","46050","85860","4023059600","775013858300","16385071"
"030000","제일기획","23600","750","3.28","23100","23750","23050","631901","14818092500","2714972910000","115041225"
"271980","제일약품","44900","1950","4.54","43550","50900","43500","1610676","76642942750","660248752800","14704872"
"001560","제일연마","8670","-30","-0.34","8670","8710","8450","36595","312559250","86700000000","10000000"
"002620","제일파마홀딩스","24850","500","2.05","24350","26700","24350","157416","4000158700","396937871750","15973355"
"006220","제주은행","7260","150","2.11","7050","7390","7050","820955","5923769180","233254899240","32128774"
"089590","제주항공","24000","-1100","-4.38","24600","24750","23850","567806","13704012700","923990760000","38499615"
"004910","조광페인트","8690","190","2.24","8500","8690","8460","282320","2429302220","111232000000","12800000"
"004700","조광피혁","54800","1400","2.62","53700","54800","53000","4536","244488800","364372762400","6649138"
"001550","조비","23450","500","2.18","23100","23600","23000","75697","1760696000","121758004550","5192239"
"000480","조선내화","91300","1400","1.56","89000","92000","88700","3592","326652600","365200000000","4000000"
"120030","조선선재","149000","-1500","-1.00","150500","152000","147000","19951","2986540500","187389999000","1257651"
"018470","조일알미늄","974","15","1.56","959","998","954","5001127","4874404124","90408826696","92822204"
"002600","조흥","199500","4500","2.31","199500","201000","195000","887","176637000","119700000000","600000"
"185750","종근당","131500","2500","1.94","130000","132000","128500","49799","6489836500","1502532018500","11426099"
"063160","종근당바이오","60600","200","0.33","60200","61200","59500","95323","5770393000","332449297200","5485962"
"001630","종근당홀딩스","109500","-2000","-1.79","109500","111000","109000","22520","2468937000","548579779500","5009861"
"044380","주연테크","1090","25","2.35","1075","1100","1065","179082","194865190","59527177010","54612089"
"013890","지누스","94500","-2800","-2.88","95800","98000","94200","65155","6232298200","1493142525000","15800450"
"013870","지엠비코리아","7300","0","0.00","7250","7400","7250","44640","326974660","139227644000","19072280"
"071320","지역난방공사","44450","1400","3.25","43400","44850","43200","45070","1993267450","514675170800","11578744"
"010580","지코","306","0","0.00","0","0","0","0","0","19761980616","64581636"
"035000","지투알","6800","220","3.34","6580","6810","6550","79962","536626980","112658381200","16567409"
"088790","진도","5460","10","0.18","5540","5540","5340","127089","687632380","67964682240","12447744"
"003780","진양산업","5600","90","1.63","5520","5650","5450","135339","755032380","72800000000","13000000"
"010640","진양폴리","3745","45","1.22","3700","3760","3675","62921","234425895","37450000000","10000000"
"100250","진양홀딩스","3075","-50","-1.60","3080","3125","3055","320616","989078560","171878022900","55895292"
"051630","진양화학","4105","-10","-0.24","4115","4130","4070","71865","294657680","49260000000","12000000"
"272450","진에어","21350","-4050","-15.94","25000","25100","20500","3665759","81287908550","960750000000","45000000"
"011000","진원생명과학","23000","-1350","-5.54","24000","24200","21750","8808515","201898825050","1039347184000","45189008"
"002780","진흥기업","2330","30","1.30","2310","2345","2275","1307466","3035640910","338949165850","145471745"
"002787","진흥기업2우B","17300","200","1.17","17100","17300","15850","71482","1223669850","5100178400","294808"
"002785","진흥기업우B","7650","-280","-3.53","8000","8000","7420","112651","888011960","6557717700","857218"
"009310","참엔지니어링","1430","-20","-1.38","1450","1465","1415","504601","723208360","79405846520","55528564"
"000650","천일고속","72000","-400","-0.55","72100","75700","72000","7095","518831300","102903840000","1429220"
"033250","체시스","1615","20","1.25","1600","1650","1595","339874","551968070","51680000000","32000000"
"035720","카카오","113000","2500","2.26","111500","114500","111000","1585701","179339009000","50150451465000","443809305"
"006380","카프로","4790","-10","-0.21","4800","4880","4780","298539","1433385935","191600000000","40000000"
"109070","컨버즈","4100","0","0.00","0","0","0","0","0","58401720200","14244322"
"001620","케이비아이동국실업","902","16","1.81","883","912","880","714995","643340342","60309292186","66861743"
"029460","케이씨","27600","-600","-2.13","27200","27650","26550","168516","4602134950","374091614400","13554044"
"344820","케이씨씨글라스","63600","900","1.44","62400","64300","61800","111760","7084012900","1015724563200","15970512"
"281820","케이씨텍","28750","-850","-2.87","29000","29100","28350","146783","4214546950","599769735000","20861556"
"145270","케이탑리츠","2350","170","7.80","2255","2375","2220","4578527","10578004345","108626698450","46224127"
"357120","코람코에너지리츠","6130","40","0.66","6090","6150","6030","133801","811615410","426770600000","69620000"
"007815","코리아써우","7470","-20","-0.27","7370","7640","7310","19221","141569510","22146234300","2964690"
"007810","코리아써키트","12250","50","0.41","12150","12350","12050","56270","686976450","289354199750","23620751"
"00781K","코리아써키트2우B","8830","-260","-2.86","9110","9270","8780","17231","155586560","6920062170","783699"
"003690","코리안리","9690","80","0.83","9400","9710","9350","277244","2661387190","1166376734040","120369116"
"192820","코스맥스","122500","-500","-0.41","124000","125000","120500","63557","7752284000","1231064852500","10049509"
"044820","코스맥스비티아이","18200","-50","-0.27","18150","18350","18000","27203","494210350","174791362200","9603921"
"005070","코스모신소재","24450","450","1.88","24050","24650","23200","567805","13684286950","729470933400","29835212"
"005420","코스모화학","11250","100","0.90","11150","11500","11100","288642","3265844050","310847827500","27630918"
"071950","코아스","1325","25","1.92","1300","1330","1285","489758","640386345","40952053250","30907210"
"002020","코오롱","32100","650","2.07","31800","32250","31300","56775","1811894050","405308274600","12626426"
"003070","코오롱글로벌","25500","350","1.39","25200","25800","24850","65192","1654443050","642866169000","25210438"
"003075","코오롱글로벌우","35200","-950","-2.63","36000","36000","34950","5956","211273700","11010665600","312803"
"144620","코오롱머티리얼","2920","0","0.00","2880","2925","2880","99677","289119100","200483214200","68658635"
"002025","코오롱우","22550","150","0.67","22700","22900","22400","16293","367476000","24272594500","1076390"
"120110","코오롱인더","59700","1500","2.58","58600","60100","58600","158982","9451290200","1610636748000","26978840"
"120115","코오롱인더우","29800","700","2.41","29450","30050","29050","13460","400381450","82482228000","2767860"
"138490","코오롱플라스틱","6230","100","1.63","6120","6270","6120","71748","446685470","236740000000","38000000"
"021240","코웨이","81200","3700","4.77","78100","81900","78100","575384","46504281484","5992529062800","73799619"
"031820","콤텍시스템","1260","-15","-1.18","1275","1275","1250","560113","705923125","85492847160","67851466"
"192400","쿠쿠홀딩스","139000","4000","2.96","140000","143500","136000","12510","1741478500","988628743000","7112437"
"284740","쿠쿠홈시스","49350","3800","8.34","50400","51900","47800","441309","22024039050","1107282235500","22437330"
"015590","큐로","583","-3","-0.51","586","590","581","1428691","835352144","134796384954","231211638"
"264900","크라운제과","14350","-250","-1.71","14100","15000","14100","168734","2429786000","179717247500","12523850"
"26490K","크라운제과우","29350","-1150","-3.77","30150","30450","28500","87160","2540654700","22703986000","773560"
"005740","크라운해태홀딩스","12300","-100","-0.81","12400","12500","12200","66011","813108500","182622368100","14847347"
"005745","크라운해태홀딩스우","25550","-2050","-7.43","26600","26600","24750","46389","1176700500","15348549300","600726"
"020120","키다리스튜디오","14600","300","2.10","14100","14750","14100","112782","1644181500","477972347200","32737832"
"039490","키움증권","126000","2000","1.61","124000","127000","124000","119822","15070512000","3287496996000","26091246"
"014580","태경비케이","4660","170","3.79","4560","4670","4555","192142","888531945","128537246000","27583100"
"015890","태경산업","6750","-50","-0.74","6800","6860","6710","63919","431827030","197294062500","29228750"
"006890","태경케미컬","14750","250","1.72","14700","14900","14350","339258","4979880950","171100000000","11600000"
"003240","태광산업","1198000","-9000","-0.75","1207000","1222000","1174000","1989","2372733000","1333853200000","1113400"
"011280","태림포장","5060","-70","-1.36","5190","5190","5030","210456","1067351520","358278056400","70805940"
"004100","태양금속","1585","0","0.00","1580","1610","1565","765837","1215375230","58169500000","36700000"
"004105","태양금속우","3475","-55","-1.56","3585","3585","3460","82702","289035640","11467500000","3300000"
"009410","태영건설","13450","0","0.00","13500","13800","13400","124165","1679749700","523192868100","38899098"
"009415","태영건설우","18850","-850","-4.31","20550","22500","18750","298479","6071218600","24545376700","1302142"
"001420","태원물산","4715","-70","-1.46","4785","4785","4640","87030","408163505","35834000000","7600000"
"007980","태평양물산","2690","-45","-1.65","2600","2780","2580","1266937","3424429975","129522389030","48149587"
"055490","테이팩스","54900","100","0.18","54600","56000","53800","39446","2152949000","258998985000","4717650"
"078000","텔코웨어","12150","-50","-0.41","12200","12250","12100","12449","151365600","117887877900","9702706"
"214420","토니모리","8000","-50","-0.62","8050","8140","7970","32931","263901720","141120000000","17640000"
"019180","티에이치엔","3395","185","5.76","3210","3435","3210","552888","1866516270","61110000000","18000000"
"363280","티와이홀딩스","26750","350","1.33","27100","27400","26650","287875","7779027450","1074590701250","40171615"
"36328K","티와이홀딩스우","27500","250","0.92","28000","28400","27500","27014","752027800","34521795000","1255338"
"091810","티웨이항공","2920","-240","-7.59","3070","3120","2870","3729726","10982433805","322164414680","110330279"
"004870","티웨이홀딩스","1390","-40","-2.80","1440","1460","1365","458491","640635520","106626559450","76709755"
"005690","파미셀","17850","-500","-2.72","18300","18450","17750","1523972","27435207750","1070267257500","59958950"
"036580","팜스코","7640","-200","-2.55","7860","7860","7600","300334","2310205110","280601484520","36727943"
"004720","팜젠사이언스","12250","-950","-7.20","13250","13500","11900","1828748","22642611700","180233429250","14712933"
"028670","팬오션","6910","90","1.32","6830","6930","6700","4806151","32919580330","3693875327920","534569512"
"010820","퍼스텍","2435","0","0.00","2435","2465","2425","203227","495662655","117029655100","48061460"
"016800","퍼시스","42050","-600","-1.41","43500","43550","41150","18782","792272700","483575000000","11500000"
"001020","페이퍼코리아","2180","5","0.23","2180","2190","2125","56966","123987430","82321885940","37762333"
"090080","평화산업","1235","5","0.41","1220","1235","1210","251294","308109695","67804289865","54902259"
"010770","평화홀딩스","4285","45","1.06","4240","4300","4220","36256","155153275","62670121810","14625466"
"058430","포스코강판","65500","700","1.08","64500","67200","62500","464166","30320673700","393000000000","6000000"
"047050","포스코인터내셔널","22550","1050","4.88","21600","22700","21600","1007439","22526219500","2782109609950","123375149"
"003670","포스코케미칼","144500","1500","1.05","143000","145000","142500","144784","20862079000","11193435290000","77463220"
"007630","폴루스바이오팜","1225","0","0.00","0","0","0","0","0","55134426375","45007695"
"017810","풀무원","20900","-450","-2.11","21050","21300","20150","486878","10049801450","796719265100","38120539"
"103140","풍산","43400","750","1.76","43200","44250","43000","591001","25721853900","1216253665200","28024278"
"005810","풍산홀딩스","28700","200","0.70","28950","29100","28250","36961","1060707900","298753453600","10409528"
"950210","프레스티지바이오파마","30000","-150","-0.50","28900","30600","28850","342184","10197961750","1802884650000","60096155"
"086790","하나금융지주","47200","800","1.72","46400","47450","46300","1136742","53454826150","14171425326400","300242062"
"293480","하나제약","22900","-50","-0.22","22800","23000","22800","22553","515715300","370980000000","16200000"
"039130","하나투어","74700","800","1.08","73800","74700","72700","281767","20832492600","1041257119500","13939185"
"172580","하이골드12호","2375","0","0.00","2365","2375","2365","17651","41851390","30980687500","13044500"
"153360","하이골드3호","1710","10","0.59","1720","1720","1710","31017","53117220","27616140900","16149790"
"352820","하이브","260500","12000","4.83","250000","260500","249000","395521","101891411500","9279989480000","35623760"
"071090","하이스틸","3790","50","1.34","3700","3830","3670","1316171","4997060705","75797877600","19999440"
"019490","하이트론","9100","10","0.11","9070","9100","8000","635198","5412914010","65722056400","7222204"
"000080","하이트진로","36250","-50","-0.14","36650","36900","36250","531928","19410667150","2542343398750","70133611"
"000087","하이트진로2우B","22850","-100","-0.44","23100","23300","22600","6051","138650250","25823653300","1130138"
"000140","하이트진로홀딩스","17500","250","1.45","17200","17500","17150","29587","513619500","406118387500","23206765"
"000145","하이트진로홀딩스우","20000","-500","-2.44","20500","20500","19800","3530","70544750","9416200000","470810"
"152550","한국ANKOR유전","1680","10","0.60","1675","1680","1670","20387","34048480","117633600000","70020000"
"036460","한국가스공사","31800","300","0.95","31500","32000","31200","629914","19891955300","2935553400000","92313000"
"005430","한국공항","44750","-450","-1.00","45200","45350","43550","31314","1399521400","141694386250","3166355"
"071050","한국금융지주","105500","2500","2.43","105000","108000","103000","585832","61808926500","5879092156000","55725992"
"071055","한국금융지주우","87300","2700","3.19","84700","87700","84700","45517","3939708400","511425312300","5858251"
"010040","한국내화","4535","25","0.55","4480","4585","4480","192223","872048400","186239126170","41067062"
"025540","한국단자","83000","-900","-1.07","84100","84900","77000","193003","15982616000","864445000000","10415000"
"004090","한국석유","16350","200","1.24","16350","16500","16000","278588","4524832250","207548862000","12694120"
"002200","한국수출포장","26900","-300","-1.10","27450","27450","26700","20903","563057600","107600000000","4000000"
"002960","한국쉘석유","289500","6500","2.30","286000","290000","285500","8585","2475455000","376350000000","1300000"
"000240","한국앤컴퍼니","19350","350","1.84","19100","19450","19050","394669","7610629050","1836996894000","94935240"
"123890","한국자산신탁","5260","230","4.57","5090","5400","5080","1625794","8548438380","652122975520","123977752"
"015760","한국전력","23950","350","1.48","23650","23950","23600","2102291","50029408600","15375039644150","641964077"
"006200","한국전자홀딩스","1280","25","1.99","1255","1340","1255","1735136","2260262775","59908014080","46803136"
"009540","한국조선해양","154000","1000","0.65","153500","154500","150000","264645","40495277500","10899059864000","70773116"
"023350","한국종합기술","8450","-80","-0.94","8560","8560","8290","125789","1055580800","92527500000","10950000"
"025890","한국주강","2740","60","2.24","2680","2775","2680","129411","352889950","30987369660","11309259"
"000970","한국주철관","9950","-200","-1.97","10150","10250","9920","326041","3262571110","226864975000","22800500"
"104700","한국철강","11400","400","3.64","11050","11400","10700","413211","4602755600","524970000000","46050000"
"017960","한국카본","11750","0","0.00","11650","11800","11600","437138","5101727050","516538894750","43960757"
"161890","한국콜마","57800","200","0.35","57600","58800","57500","226585","13141993700","1322532204000","22881180"
"024720","한국콜마홀딩스","31650","50","0.16","31500","31650","31300","73730","2318344950","587953156350","18576719"
"161390","한국타이어앤테크놀로지","49650","1800","3.76","48800","50200","47850","312891","15530099750","6150397175850","123875069"
"034830","한국토지신탁","2425","85","3.63","2325","2430","2325","1198487","2882699900","612286382750","252489230"
"007280","한국특강","3800","135","3.68","3665","3965","3665","755272","2906928010","202321408800","53242476"
"168490","한국패러랠","1980","0","0.00","1980","1980","1980","13388","26508240","158439600000","80020000"
"010100","한국프랜지","3320","160","5.06","3170","3355","3160","1202311","3951725310","101095394400","30450420"
"047810","한국항공우주","32250","1000","3.20","31500","32550","31300","638648","20481327950","3143572200750","97475107"
"123690","한국화장품","11850","50","0.42","11900","11900","11750","51370","607537400","190405800000","16068000"
"003350","한국화장품제조","35850","100","0.28","35550","35900","35400","15986","570635900","162472200000","4532000"
"011500","한농화성","14700","100","0.68","14500","15050","14500","104728","1540170200","229864517400","15637042"
"002390","한독","29300","400","1.38","28850","29950","28700","211707","6251562050","403271516900","13763533"
"014790","한라","5730","170","3.06","5570","5750","5570","178342","1012398370","222753417660","38874942"
"060980","한라홀딩스","44100","-100","-0.23","44500","44550","43750","40900","1804397700","461818287000","10472070"
"053690","한미글로벌","12050","250","2.12","11900","12100","11650","100458","1200972750","132038477500","10957550"
"042700","한미반도체","34200","1500","4.59","32750","34200","31900","1294112","43271127500","1691527793400","49459877"
"008930","한미사이언스","72200","5100","7.60","67200","73900","67100","1069689","76105078000","4859392914200","67304611"
"128940","한미약품","353500","13500","3.97","339500","363500","339500","228585","80836916000","4269672687000","12078282"
"009240","한샘","108000","2000","1.89","106500","111500","106500","59747","6513827500","2541664224000","23533928"
"020000","한섬","46750","100","0.21","46650","47450","46050","94618","4440642250","1151452500000","24630000"
"003680","한성기업","8660","120","1.41","8510","8660","8450","154872","1330996220","53774399900","6209515"
"105630","한세실업","25350","-300","-1.17","25700","26600","25000","438556","11281593650","1014000000000","40000000"
"069640","한세엠케이","4580","-75","-1.61","4655","4750","4555","112025","519584310","59124694760","12909322"
"016450","한세예스24홀딩스","9160","150","1.66","9060","9250","9040","106939","977933860","366400000000","40000000"
"010420","한솔PNS","2200","-20","-0.90","2220","2230","2195","159671","353600105","45084626400","20493012"
"009180","한솔로지스틱스","3395","25","0.74","3370","3440","3360","532545","1804072050","93285857875","27477425"
"213500","한솔제지","16250","-50","-0.31","16300","16450","16150","172551","2811676100","386759360000","23800576"
"014680","한솔케미칼","235000","500","0.21","238000","239000","234500","39751","9418291500","2663770825000","11335195"
"004710","한솔테크닉스","8930","0","0.00","8910","8950","8510","712183","6181435410","286741210540","32109878"
"004150","한솔홀딩스","4410","15","0.34","4360","4435","4360","206125","904254480","185257824570","42008577"
"025750","한솔홈데코","2255","35","1.58","2230","2265","2185","3080058","6872909650","181674410995","80565149"
"004960","한신공영","25600","600","2.40","25400","25700","24950","73968","1882133950","296209971200","11570702"
"011700","한신기계","2475","65","2.70","2415","2510","2390","1312420","3229375300","80304223725","32446151"
"001750","한양증권","15000","150","1.01","14550","15000","14550","70067","1034883850","190928010000","12728534"
"001755","한양증권우","23750","-350","-1.45","23800","23950","23500","4359","103443800","12468750000","525000"
"018880","한온시스템","16550","550","3.44","16250","16650","15950","912317","15002706200","8834390000000","533800000"
"009420","한올바이오파마","21400","100","0.47","21300","21600","21100","198917","4264019550","1117949653200","52240638"
"014130","한익스프레스","6870","10","0.15","6850","6970","6800","117592","807443350","82440000000","12000000"
"300720","한일시멘트","163000","5500","3.49","157500","163000","157500","15120","2429478000","1128963102000","6926154"
"002220","한일철강","3280","85","2.66","3210","3340","3205","260688","852376560","86583275200","26397340"
"006390","한일현대시멘트","41100","950","2.37","40200","41200","40200","55631","2270273950","730533388500","17774535"
"003300","한일홀딩스","14600","150","1.04","14400","14750","14250","28338","411775350","420710388000","28815780"
"051600","한전KPS","40150","1550","4.02","38600","41450","38550","1006648","40733547350","1806750000000","45000000"
"052690","한전기술","46100","4150","9.89","43500","46650","43300","1592174","71899158950","1761942000000","38220000"
"130660","한전산업","5180","120","2.37","5070","5230","4985","463728","2385275680","168868000000","32600000"
"002320","한진","39400","-400","-1.01","39850","40000","39250","118698","4682115050","588936543200","14947628"
"097230","한진중공업","8030","10","0.12","7950","8060","7880","136642","1090808710","668692476430","83274281"
"003480","한진중공업홀딩스","4580","105","2.35","4480","4665","4475","250189","1150111775","135246538960","29529812"
"180640","한진칼","65700","-300","-0.45","65500","67000","65000","307189","20282552500","4353456367800","66262654"
"18064K","한진칼우","47000","-1850","-3.79","48850","48950","46600","56478","2674043250","25228002000","536766"
"005110","한창","1300","40","3.17","1270","1310","1270","2211126","2863047025","86827349700","66790269"
"009460","한창제지","2465","5","0.20","2460","2485","2445","753756","1854684195","147080352990","59667486"
"000880","한화","30650","350","1.16","30100","30950","30100","610470","18709629800","2297485227750","74958735"
"00088K","한화3우B","15600","150","0.97","15450","15650","15450","39328","613076100","350563200000","22472000"
"088350","한화생명","3855","45","1.18","3845","3975","3840","9820999","38296107205","3348183150000","868530000"
"000370","한화손해보험","4615","0","0.00","4620","4745","4585","1340445","6219781230","538750092725","116738915"
"009830","한화솔루션","44250","-400","-0.90","44850","45050","44050","977573","43296965800","8464073492250","191278497"
"009835","한화솔루션우","54300","400","0.74","53400","54500","53200","5674","305353300","61018919100","1123737"
"272210","한화시스템","16950","250","1.50","16800","17150","16700","594211","10087045900","1868405093550","110230389"
"012450","한화에어로스페이스","44050","1650","3.89","42800","44700","42500","1124351","49205437550","2230251500000","50630000"
"000885","한화우","46550","50","0.11","46500","46850","46500","2956","137698200","22311135700","479294"
"003530","한화투자증권","4920","120","2.50","4810","5010","4805","2989254","14746797965","1055575053000","214547775"
"003535","한화투자증권우","28050","-200","-0.71","27950","29350","27600","389397","11015534700","134640000000","4800000"
"195870","해성디에스","32400","450","1.41","31850","32450","31500","113075","3626698400","550800000000","17000000"
"101530","해태제과식품","10900","200","1.87","10500","10950","10400","133845","1431962800","317373359800","29116822"
"143210","핸즈코퍼레이션","6530","80","1.24","6380","6560","6380","42279","273867910","142767140040","21863268"
"000720","현대건설","53800","1200","2.28","53300","54000","53000","812205","43537990600","5990940157000","111355765"
"267270","현대건설기계","58200","1600","2.83","56900","59400","56900","351555","20497173900","1146586152600","19700793"
"000725","현대건설우","225000","-2000","-0.88","232500","232500","223000","3585","810498000","22242600000","98856"
"005440","현대그린푸드","11000","-250","-2.22","11250","11300","10850","1236656","13579703000","1074749302000","97704482"
"086280","현대글로비스","188000","4500","2.45","185000","188500","184500","103972","19482018000","7050000000000","37500000"
"064350","현대로템","20900","650","3.21","20450","20900","20400","1542989","31931973900","2281073923700","109142293"
"079430","현대리바트","18100","-100","-0.55","18200","18200","17850","116510","2103458500","371688604200","20535282"
"012330","현대모비스","278000","1500","0.54","278000","282500","276500","317873","88853342000","26352480132000","94793094"
"010620","현대미포조선","93900","2900","3.19","91500","94900","88600","493447","45432378300","3750567791100","39942149"
"069960","현대백화점","92300","1400","1.54","91600","92700","90700","139042","12723196200","2160045304300","23402441"
"004560","현대비앤지스틸","21500","1100","5.39","20250","21500","20250","578465","12131588350","324194436500","15078811"
"004565","현대비앤지스틸우","99000","1800","1.85","97500","103000","97500","2533","252930600","10875348000","109852"
"004310","현대약품","7010","40","0.57","6970","7040","6950","134707","944542170","224320000000","32000000"
"322000","현대에너지솔루션","32000","-100","-0.31","32050","32400","31850","36865","1179372800","358400000000","11200000"
"017800","현대엘리베이","51900","1400","2.77","51100","52600","51000","665328","34466007600","2118308412900","40815191"
"307950","현대오토에버","106500","1500","1.43","105000","108000","105000","27844","2967744000","2920654083000","27423982"
"011210","현대위아","78700","-200","-0.25","78500","80000","78200","324236","25624135100","2140253032100","27195083"
"267260","현대일렉트릭","22900","750","3.39","22200","23200","22200","283467","6479289150","825479391500","36047135"
"004020","현대제철","57500","2600","4.74","54900","58200","54900","1272595","72552214000","7673132637500","133445785"
"267250","현대중공업지주","75700","1100","1.47","75000","76000","74400","156583","11771418400","5979776534500","78993085"
"005380","현대차","231000","4000","1.76","227500","232500","226000","1034501","238825803000","49357351197000","213668187"
"005387","현대차2우B","111500","500","0.45","110000","112500","110000","71319","7970273500","4068127786500","36485451"
"005389","현대차3우B","105000","1000","0.96","104000","105500","103500","7883","826171500","255017175000","2428735"
"005385","현대차우","112000","1000","0.90","110500","112500","110000","27789","3108083000","2727948720000","24356685"
"001500","현대차증권","14800","300","2.07","14500","14950","14500","161714","2384424650","444697228000","30047110"
"011760","현대코퍼레이션","21050","400","1.94","20700","21200","20650","102102","2142515700","278469734300","13228966"
"227840","현대코퍼레이션홀딩스","14900","100","0.68","14800","15000","14750","51856","770976400","135602456400","9100836"
"126560","현대퓨처넷","4275","-35","-0.81","4310","4345","4265","299452","1283339195","482547447900","112876596"
"001450","현대해상","23900","100","0.42","23850","24200","23600","940717","22378816050","2136660000000","89400000"
"057050","현대홈쇼핑","94500","2500","2.72","91700","95200","90700","51356","4774773300","1134000000000","12000000"
"093240","형지엘리트","4900","-130","-2.58","4985","5010","4885","861568","4250787110","152658510200","31154798"
"003010","혜인","7570","250","3.42","7330","7640","7330","259350","1947588030","96235494790","12712747"
"111110","호전실업","13900","300","2.21","13400","14000","13050","123458","1675665450","111200000000","8000000"
"008770","호텔신라","93900","-1600","-1.68","95300","96600","93700","616875","58281011800","3685398561900","39248121"
"008775","호텔신라우","90800","-1200","-1.30","91700","92700","90800","23788","2176346900","68270613200","751879"
"002460","화성산업","12950","-700","-5.13","12950","13100","12550","363822","4663720500","161237860000","12450800"
"378850","화승알앤에이","6440","150","2.38","6530","6800","6380","795537","5237568030","122318932120","18993623"
"241590","화승엔터프라이즈","19200","-150","-0.78","19300","19550","19000","234868","4510462350","1162634707200","60553891"
"006060","화승인더","8030","-170","-2.07","8180","8260","7920","1170249","9410450750","444219600000","55320000"
"013520","화승코퍼레이션","2265","135","6.34","2220","2430","2160","4975846","11530172510","113366085780","50051252"
"010690","화신","5540","60","1.09","5400","5660","5250","1086095","5968441120","193459071400","34920410"
"133820","화인베스틸","2870","55","1.95","2775","2890","2750","364952","1031370100","84808500000","29550000"
"010660","화천기계","2650","10","0.38","2615","2675","2610","127436","335023490","58300000000","22000000"
"000850","화천기공","37000","150","0.41","36850","37450","36350","14099","517556400","81400000000","2200000"
"016580","환인제약","21050","50","0.24","21000","21150","20800","71065","1490689400","391531473500","18600070"
"032560","황금에스티","9820","110","1.13","9690","10100","9660","404468","3998045610","157120000000","16000000"
"004800","효성","101500","1500","1.50","100000","103000","99700","53928","5476510900","2138709037500","21071025"
"094280","효성ITX","19400","0","0.00","19400","19450","19300","18996","368300750","224229080000","11558200"
"298040","효성중공업","62500","-100","-0.16","62200","63500","61500","53421","3344483100","582784250000","9324548"
"298050","효성첨단소재","367500","17500","5.00","353000","372000","352000","74475","27177672000","1646380890000","4479948"
"298020","효성티앤씨","744000","21000","2.90","722000","746000","715000","65946","48636531000","3219795408000","4327682"
"298000","효성화학","369000","4000","1.10","366500","377000","362000","45813","17005281500","1177156494000","3190126"
"093370","후성","9990","90","0.91","9900","10050","9800","342183","3406740540","925142121810","92606819"
"081660","휠라홀딩스","55700","0","0.00","55600","56300","54100","559232","30943109500","3383898765400","60752222"
"005870","휴니드","8110","-50","-0.61","8100","8160","7950","128621","1034719620","114480881650","14116015"
"079980","휴비스","11050","100","0.91","10950","11200","10750","231306","2554342200","381225000000","34500000"
"005010","휴스틸","15250","350","2.35","15200","15600","14550","695679","10538634200","116750416250","7655765"
"069260","휴켐스","21850","0","0.00","21900","22050","21800","148408","3252494800","893197147800","40878588"
"000540","흥국화재","4655","55","1.20","4600","4695","4570","288171","1330758870","299049512475","64242645"
"000547","흥국화재2우B","39000","-4800","-10.96","39600","40700","37000","49886","1924029800","5990400000","153600"
"000545","흥국화재우","12700","-950","-6.96","12550","12900","12100","75531","946178900","9753600000","768000"
"003280","흥아해운","258","0","0.00","0","0","0","0","0","30117000222","116732559"