,Symbol,Name,Market,SecuGroup,Kind,ListingDate,DelistingDate,Reason,ArrantEnforceDate,ArrantEndDate,Industry,ParValue,ListingShares,ToSymbol,ToName
658,005450,신한,KOSPI,주권,보통주,1978-07-28,2020-06-30,감사의견 의견거절 2년 계속,2020-06-19,2020-06-29,건설업,5000.0,7022839.0,,
667,103130,웅진에너지,KOSPI,주권,보통주,2010-06-30,2020-06-01,감사의견 의견거절 2년 계속,2020-05-21,2020-05-29,전기전자,5000.0,30947322.0,,
679,027390,한화갤러리아타임월드,KOSPI,주권,보통주,1996-01-30,2020-04-16,지주회사(최대주주등)의 완전자회사화 등,,,유통업,5000.0,6000131.0,,
726,002250,알보젠코리아,KOSPI,주권,보통주,1973-11-10,2019-05-20,지주회사(최대주주등)의 완전자회사화 등,,,의약품,5000.0,11857922.0,,
734,000030,우리은행,KOSPI,주권,보통주,2014-11-19,2019-02-13,지주회사(최대주주등)의 완전자회사화 등,,,은행,5000.0,676000000.0,,
741,004130,대덕GDS,KOSPI,주권,보통주,1987-08-10,2018-12-19,해산 사유 발생,,,전기전자,500.0,20575613.0,,
743,002000,한국유리,KOSPI,주권,보통주,1969-06-27,2018-12-13,신청에 의한 상장폐지,2018-12-04,2018-12-12,비금속광물,5000.0,10079660.0,,
759,005980,성지건설,KOSPI,주권,보통주,1995-03-17,2018-10-04,감사의견 의견거절,2018-09-19,2018-10-02,건설업,5000.0,14209379.0,,
789,008000,도레이케미칼,KOSPI,주권,보통주,1977-06-30,2018-03-20,지주회사(최대주주등)의 완전자회사화 등,,,화학,5000.0,46363851.0,,
816,005620,대성합동지주,KOSPI,주권,보통주,1976-12-28,2017-08-25,해산 사유 발생,,,서비스업,5000.0,1799077.0,,
823,002550,KB손해보험,KOSPI,주권,보통주,1976-07-05,2017-07-21,지주회사(최대주주등)의 완전자회사화 등,,,보험,500.0,66500000.0,,
824,021960,KB캐피탈,KOSPI,주권,보통주,1996-11-19,2017-07-21,지주회사(최대주주등)의 완전자회사화 등,,,기타금융,5000.0,21492128.0,,
827,004740,보루네오,KOSPI,주권,보통주,1988-09-22,2017-07-05,"기업의 계속성, 경영의 투명성 및 기타 공익과 투자자 보호 등을 종합적으로 고려하여 상장폐지 기준에 해당한다고 결정",2017-06-26,2017-07-04,기타제조업,100.0,71925448.0,,
848,110570,넥솔론,KOSPI,주권,보통주,2011-10-14,2017-04-17,자본전액잠식,2017-04-06,2017-04-14,전기전자,500.0,161170196.0,,
852,007190,한솔아트원제지,KOSPI,주권,보통주,1974-06-24,2017-03-15,해산 사유 발생,,,종이목재,1000.0,38478081.0,,
861,068870,LG생명과학,KOSPI,주권,보통주,2002-08-16,2017-01-17,해산 사유 발생,,,의약품,5000.0,16576990.0,,
872,003450,현대증권,KOSPI,주권,보통주,1975-09-30,2016-11-01,지주회사(최대주주등)의 완전자회사화 등,,,증권,5000.0,236612530.0,,
882,019300,태림페이퍼,KOSPI,주권,보통주,1995-08-18,2016-08-11,신청에 의한 상장폐지,2016-08-02,2016-08-10,종이목재,500.0,39690000.0,,
890,008020,경남에너지,KOSPI,주권,보통주,1994-08-12,2016-05-19,신청에 의한 상장폐지,2016-05-10,2016-05-18,전기가스업,500.0,41249008.0,,
891,008900,티이씨앤코,KOSPI,주권,보통주,1984-09-19,2016-05-17,해산 사유 발생,,,전기전자,500.0,16242217.0,,
896,051310,포스코플랜텍,KOSPI,주권,보통주,2007-11-29,2016-04-15,자본전액잠식,2016-04-05,2016-04-14,건설업,500.0,180834946.0,,
903,003940,삼양제넥스,KOSPI,주권,보통주,1987-06-26,2016-01-21,해산 사유 발생,,,음식료품,5000.0,1905907.0,,
935,010520,현대하이스코,KOSPI,주권,보통주,1989-09-29,2015-07-15,해산 사유 발생,,,철강금속,5000.0,22807950.0,,
941,192520,경남은행,KOSPI,주권,보통주,2014-05-22,2015-06-23,지주회사(최대주주등)의 완전자회사화 등,,,은행,5000.0,78420912.0,,
951,000800,경남기업,KOSPI,주권,보통주,1973-02-12,2015-04-15,자본전액잠식,2015-04-06,2015-04-14,건설업,5000.0,35803128.0,,
952,000360,삼환기업,KOSPI,주권,보통주,1973-09-03,2015-04-15,자본전액잠식,2015-04-06,2015-04-14,건설업,5000.0,8868035.0,,
975,016420,NH농협증권,KOSPI,주권,보통주,1988-03-28,2015-01-20,해산 사유 발생,,,증권,5000.0,120125029.0,,
986,008720,삼양엔텍,KOSPI,주권,보통주,1976-06-26,2014-12-30,해산 사유 발생,,,기계,5000.0,1235520.0,,
989,053000,우리금융,KOSPI,주권,보통주,2002-06-24,2014-11-19,해산 사유 발생,,,기타금융,5000.0,676278371.0,,
1009,001300,제일모직,KOSPI,주권,보통주,1975-05-15,2014-07-15,해산 사유 발생,,,화학,5000.0,52437651.0,,
1015,101990,파브코,KOSPI,주권,보통주,2008-06-09,2014-05-21,해산 사유 발생,,,운수장비,500.0,21000000.0,,
1019,005900,동양건설,KOSPI,주권,보통주,1974-08-26,2014-04-25,자본전액잠식,2014-04-16,2014-04-24,건설업,5000.0,12449333.0,,
1021,002530,벽산건설,KOSPI,주권,보통주,1975-06-30,2014-04-25,공시서류 미제출(사업보고서) 후 10일이내 미제출,2014-04-16,2014-04-24,건설업,5000.0,13627816.0,,
1023,067250,STX조선해양,KOSPI,주권,보통주,2003-10-27,2014-04-15,자본전액잠식,2014-04-04,2014-04-14,운수장비,2500.0,696775595.0,,
1024,010460,화인자산관리,KOSPI,주권,보통주,1988-09-15,2014-04-15,보통주 주식분포요건 미충족 2년 계속,2014-04-04,2014-04-14,기타금융,5000.0,9523214.0,,
1030,005560,JS전선,KOSPI,주권,보통주,2007-11-12,2014-04-10,신청에 의한 상장폐지,2014-04-01,2014-04-09,전기전자,5000.0,11378640.0,,
1057,008080,에스와이코퍼레이션,KOSPI,주권,보통주,1987-12-21,2013-09-25,신청에 의한 상장폐지,2013-09-11,2013-09-24,의료정밀,500.0,100000.0,,
1070,006350,전북은행,KOSPI,주권,보통주,1972-03-22,2013-07-18,지주회사의 완전자회사화(지주회사 신규상장),,,은행,5000.0,66824362.0,,
1079,012410,글로스텍,KOSPI,주권,보통주,1989-09-29,2013-06-04,감사의견 의견거절,2013-05-24,2013-06-03,유통업,500.0,15360536.0,,
1086,003190,알앤엘바이오,KOSPI,주권,보통주,1976-06-30,2013-05-03,감사의견 의견거절,2013-04-23,2013-05-02,의약품,500.0,102002775.0,,
1091,004940,외환은행,KOSPI,주권,보통주,1994-04-04,2013-04-26,신청에 의한 상장폐지,,,은행,5000.0,644906826.0,,
1094,009280,다함이텍,KOSPI,주권,보통주,1988-09-27,2013-04-16,매출액 미달(50억원 미만) 2년 계속,2013-04-05,2013-04-15,서비스업,5000.0,3986493.0,,
1095,006440,한일건설,KOSPI,주권,보통주,1993-01-30,2013-04-16,자본전액잠식,2013-04-05,2013-04-15,건설업,5000.0,34422966.0,,
1109,016570,태평양제약,KOSPI,주권,보통주,1988-09-22,2013-03-15,신청에 의한 상장폐지,,,의약품,5000.0,2108947.0,,
1117,007480,대한은박지,KOSPI,주권,보통주,1991-08-30,2013-01-28,해산 사유 발생,,,철강금속,500.0,61895859.0,,
1119,009380,아세아페이퍼텍,KOSPI,주권,보통주,1995-08-18,2013-01-23,해산 사유 발생,,,종이목재,5000.0,6846807.0,,
1120,004010,롯데미도파,KOSPI,주권,보통주,1975-12-12,2013-01-22,해산 사유 발생,,,유통업,5000.0,65148322.0,,
1121,014300,선진지주,KOSPI,주권,보통주,1994-01-14,2013-01-18,해산 사유 발생,,,음식료품,5000.0,1386000.0,,
1124,064420,케이피케미칼,KOSPI,주권,보통주,2002-06-21,2013-01-15,해산 사유 발생,,,화학,5000.0,98337782.0,,
1127,122750,우리스팩1호,KOSPI,주권,보통주,2010-05-11,2012-12-21,SPAC 상장예비심사청구서 미제출 등,2012-12-11,2012-12-20,기타금융,5000.0,3980000.0,,
1129,015110,중앙건설,KOSPI,주권,보통주,1994-11-05,2012-12-11,보통주 주가수준미달,2012-11-30,2012-12-10,건설업,5000.0,6589747.0,,
1137,026870,코원에너지서비스,KOSPI,주권,보통주,1995-12-21,2012-11-15,신청에 의한 상장폐지,2012-11-06,2012-11-14,전기가스업,5000.0,9700000.0,,
1139,122290,동양밸류스팩,KOSPI,주권,보통주,2010-03-25,2012-11-07,SPAC 상장예비심사청구서 미제출 등,2012-10-29,2012-11-06,기타금융,500.0,4940000.0,,
1145,016560,서울저축은행,KOSPI,주권,보통주,1996-11-19,2012-10-17,자본잠식(자본금의 50/100이상 잠식) 2년 계속,2012-10-08,2012-10-16,기타금융,5000.0,76536000.0,,
1146,007200,진흥저축은행,KOSPI,주권,보통주,1985-04-09,2012-10-17,자본전액잠식,2012-10-08,2012-10-16,기타금융,5000.0,35000000.0,,
1147,121910,대우증권스팩,KOSPI,주권,보통주,2010-03-03,2012-10-15,SPAC 상장예비심사청구서 미제출 등,2012-10-04,2012-10-12,기타금융,1000.0,27007000.0,,
1159,011800,배명금속,KOSPI,주권,보통주,1990-07-14,2012-09-03,최종부도발생,2012-08-23,2012-08-31,철강금속,500.0,103594415.0,,
1166,007800,솔로몬저축은행,KOSPI,주권,보통주,1996-11-19,2012-07-25,"기업의 계속성, 경영의 투명성 및 기타 공익과 투자자 보호 등을 종합적으로 고려하여 상장폐지 기준에 해당한다고 결정",2012-07-16,2012-07-24,기타금융,5000.0,22802040.0,,
1167,025610,한국저축은행,KOSPI,주권,보통주,1995-03-17,2012-07-25,"기업의 계속성, 경영의 투명성 및 기타 공익과 투자자 보호 등을 종합적으로 고려하여 상장폐지 기준에 해당한다고 결정",2012-07-16,2012-07-24,기타금융,5000.0,16000000.0,,
1169,000470,그린손해보험,KOSPI,주권,보통주,1975-06-30,2012-07-16,자본전액잠식,2012-07-05,2012-07-13,보험,5000.0,26588686.0,,
1173,004550,대우송도개발,KOSPI,주권,보통주,1978-07-31,2012-06-22,"기업의 계속성, 경영의 투명성 및 기타 공익과 투자자 보호 등을 종합적으로 고려하여 상장폐지 기준에 해당한다고 결정",2012-06-13,2012-06-21,유통업,5000.0,46135450.0,,
1176,012400,허메스홀딩스,KOSPI,주권,보통주,1988-06-15,2012-06-12,감사의견 의견거절,2012-05-31,2012-06-11,전기전자,500.0,5740349.0,,
1178,008540,케이비물산,KOSPI,주권,보통주,1990-01-16,2012-06-08,감사의견 의견거절,2012-05-29,2012-06-07,유통업,500.0,16974857.0,,
1184,001310,풍림산업,KOSPI,주권,보통주,1978-11-30,2012-05-18,최종부도발생,2012-05-09,2012-05-17,건설업,5000.0,21520000.0,,
1225,022520,코오롱아이넷,KOSPI,주권,보통주,2011-07-19,2012-01-11,해산 사유 발생,,,유통업,500.0,81481540.0,,
1244,024100,제일저축은행,KOSPI,주권,보통주,1997-02-12,2011-10-14,자본전액잠식,2011-10-05,2011-10-13,기타금융,5000.0,12860000.0,,
1249,103150,하이트맥주,KOSPI,주권,보통주,2008-07-30,2011-09-26,해산 사유 발생,,,음식료품,5000.0,9563918.0,,
1260,022520,코오롱아이넷,KOSPI,주권,보통주,2011-07-19,2012-01-11,유가증권시장 상장,,,유통업,500.0,81481540.0,,
1261,016510,현대DSF,KOSPI,주권,보통주,1994-12-27,2011-07-18,해산 사유 발생,,,유통업,5000.0,9000000.0,,
1268,005270,대구은행,KOSPI,주권,보통주,1972-05-12,2011-06-07,지주회사의 완전자회사화(지주회사 신규상장),,,은행,5000.0,132125000.0,,
1270,004620,캠브리지코오롱,KOSPI,주권,보통주,1988-05-19,2011-05-17,해산 사유 발생,,,섬유의복,5000.0,4867732.0,,
1271,014590,티엘씨레저,KOSPI,주권,보통주,2000-01-06,2011-05-13,감사의견 의견거절,2011-05-02,2011-05-12,서비스업,500.0,77079581.0,,
1272,017170,훈영,KOSPI,주권,보통주,1995-07-08,2011-05-13,감사의견 의견거절,2011-05-02,2011-05-12,서비스업,500.0,2670326.0,,
1285,016160,오라바이오틱스,KOSPI,주권,보통주,1989-06-26,2011-04-26,공시서류 미제출(사업보고서) 후 10일이내 미제출,2011-04-15,2011-04-25,전기전자,100.0,3894845.0,,
1291,005350,봉신,KOSPI,주권,보통주,1988-08-12,2011-04-15,자본전액잠식,2011-04-06,2011-04-14,운수창고업,500.0,1971889.0,,
1292,013240,셀런,KOSPI,주권,보통주,1996-07-31,2011-04-15,자본전액잠식,2011-04-06,2011-04-14,전기전자,500.0,61436176.0,,
1299,005280,부산은행,KOSPI,주권,보통주,1972-06-15,2011-03-30,지주회사의 완전자회사화(지주회사 신규상장),,,은행,5000.0,186683650.0,,
1302,045710,온미디어,KOSPI,주권,보통주,2006-07-03,2011-03-22,해산 사유 발생,,,서비스업,500.0,118097990.0,,
1305,009720,전기초자,KOSPI,주권,보통주,1995-12-21,2011-02-16,신청에 의한 상장폐지,2011-02-07,2011-02-15,비금속광물,5000.0,8073375.0,,
1345,012580,톰보이,KOSPI,주권,보통주,1988-09-01,2010-07-30,최종부도발생,2010-07-21,2010-07-29,섬유의복,500.0,69623750.0,,
1347,011050,케드콤,KOSPI,주권,보통주,1988-09-01,2010-07-22,감사의견 의견거절,2010-07-13,2010-07-21,전기전자,500.0,7304292.0,,
1350,114410,현대푸드,KOSPI,주권,보통주,2009-12-17,2010-07-16,해산 사유 발생,,,서비스업,500.0,17144000.0,,
1351,027840,고덴시,KOSPI,주권,보통주,1997-11-25,2010-07-14,해산 사유 발생,,,전기전자,500.0,23065935.0,,
1362,011400,케이씨오에너지,KOSPI,주권,보통주,1991-02-12,2010-05-20,최종부도발생,2010-05-11,2010-05-19,운수장비,500.0,150979654.0,,
1364,007490,태창기업,KOSPI,주권,보통주,1976-12-28,2010-05-13,감사의견 의견거절,2010-05-03,2010-05-12,섬유의복,500.0,32896850.0,,
1365,018410,현대금속,KOSPI,주권,보통주,1989-07-25,2010-05-13,감사의견 의견거절,2010-05-03,2010-05-12,유통업,500.0,49867601.0,,
1378,012090,성원건설,KOSPI,주권,보통주,1991-02-22,2010-05-03,감사의견 의견거절,2010-04-22,2010-04-30,건설업,5000.0,44798281.0,,
1380,024870,유성티에스아이,KOSPI,주권,보통주,1997-08-27,2010-05-03,감사의견 의견거절,2010-04-22,2010-04-30,기계,500.0,16579469.0,,
1381,069470,제로원인터랙티브,KOSPI,주권,보통주,2002-11-11,2010-05-03,감사의견 의견거절,2010-04-22,2010-04-30,서비스업,500.0,13263451.0,,
1387,002540,고제,KOSPI,주권,보통주,1989-10-12,2010-04-23,감사의견 의견거절,2010-04-14,2010-04-22,화학,500.0,11411390.0,,
1391,012420,메리츠종금,KOSPI,주권,보통주,1994-09-16,2010-04-21,해산 사유 발생,,,기타금융,500.0,122950720.0,,
1397,001600,서광건설,KOSPI,주권,보통주,1989-11-16,2010-04-15,자본전액잠식,2010-04-06,2010-04-14,건설업,500.0,6795730.0,,
1399,017300,에이치비이에너지,KOSPI,주권,보통주,1995-11-10,2010-04-15,자본전액잠식,2010-04-06,2010-04-14,전기전자,100.0,173067672.0,,
1401,004820,조인에너지,KOSPI,주권,보통주,1990-06-04,2010-04-15,자본전액잠식,2010-04-06,2010-04-14,유통업,500.0,20966570.0,,
1403,108070,삼성이미징,KOSPI,주권,보통주,2009-03-10,2010-04-14,해산 사유 발생,,,의료정밀,5000.0,23870000.0,,
1421,008320,한국기술산업,KOSPI,주권,보통주,1989-09-29,2010-03-11,감사의견 의견거절,2010-03-02,2010-03-10,전기전자,500.0,104477933.0,,
1435,000610,제일화재,KOSPI,주권,보통주,1976-06-05,2010-01-20,해산 사유 발생,,,보험,5000.0,26774374.0,,
1436,015940,LG데이콤,KOSPI,주권,보통주,1993-01-30,2010-01-15,해산 사유 발생,,,통신업,5000.0,83287151.0,,
1437,045820,LG파워콤,KOSPI,주권,보통주,2008-11-27,2010-01-15,해산 사유 발생,,,통신업,5000.0,133400000.0,,
1453,001950,남한제지,KOSPI,주권,보통주,1968-12-27,2009-10-15,자본잠식(자본금의 50/100이상 잠식) 2년 계속,2009-10-06,2009-10-14,종이목재,500.0,93825484.0,,
1470,001370,FnC코오롱,KOSPI,주권,보통주,1988-05-25,2009-08-17,해산 사유 발생,,,섬유의복,5000.0,12003600.0,,
1475,042100,현대오토넷,KOSPI,주권,보통주,2002-07-26,2009-07-16,해산 사유 발생,,,전기전자,500.0,231793098.0,,
1476,006210,휴리프,KOSPI,주권,보통주,1977-06-29,2009-07-15,자본잠식(자본금의 50/100이상 잠식) 2년 계속,2009-07-06,2009-07-14,전기전자,500.0,16510681.0,,
1481,032390,KTF,KOSPI,주권,보통주,2004-04-29,2009-06-23,해산 사유 발생,,,통신업,5000.0,188274091.0,,
1493,000790,C&상선,KOSPI,주권,보통주,1977-11-09,2009-05-13,감사의견 의견거절,2009-04-30,2009-05-12,운수창고업,500.0,200087423.0,,
1494,013200,C&우방,KOSPI,주권,보통주,1997-02-12,2009-05-13,감사의견 의견거절,2009-04-30,2009-05-12,건설업,5000.0,23435117.0,,
1495,008400,C&중공업,KOSPI,주권,보통주,1987-11-18,2009-05-13,감사의견 의견거절,2009-04-30,2009-05-12,운수장비,5000.0,20312028.0,,
1497,006070,기린,KOSPI,주권,보통주,1989-06-20,2009-05-13,감사의견 의견거절,2009-04-30,2009-05-12,음식료품,500.0,49239439.0,,
1498,001970,신성건설,KOSPI,주권,보통주,1976-03-24,2009-05-13,감사의견 의견거절,2009-04-30,2009-05-12,건설업,5000.0,9099552.0,,
1500,009690,케이엠에이치,KOSPI,주권,보통주,1990-01-29,2009-05-13,감사의견 의견거절,2009-04-30,2009-05-12,전기전자,500.0,26860979.0,,
1503,003990,BHK,KOSPI,주권,보통주,1976-12-27,2009-04-30,감사의견 의견거절,2009-04-21,2009-04-29,유통업,500.0,49264623.0,,
1504,004230,세신,KOSPI,주권,보통주,1978-07-28,2009-04-30,감사의견 의견거절,2009-04-21,2009-04-29,유통업,500.0,23227843.0,,
1514,001190,마이크로닉스,KOSPI,주권,보통주,1988-10-20,2009-04-27,공시서류 미제출(사업보고서) 후 10일이내 미제출,2009-04-16,2009-04-24,섬유의복,500.0,35008339.0,,
1521,076170,GBS,KOSPI,주권,보통주,2004-01-16,2009-04-22,감사의견 의견거절,2009-04-13,2009-04-21,서비스업,500.0,11320301.0,,
1524,007050,유리이에스,KOSPI,주권,보통주,1975-12-27,2009-04-15,최종부도발생,2009-04-06,2009-04-14,기계,500.0,22791698.0,,
1541,005760,위너스인프라인,KOSPI,주권,보통주,1976-04-01,2009-02-19,감사의견 의견거절,2009-02-10,2009-02-18,유통업,500.0,19128180.0,,
1555,060000,국민은행,KOSPI,주권,보통주,2001-11-09,2008-10-10,지주회사의 완전자회사화(지주회사 신규상장),,,은행,5000.0,336379116.0,,
1562,003660,고려시멘트,KOSPI,주권,보통주,1987-01-23,2008-08-20,해산 사유 발생,,,비금속광물,5000.0,3957806.0,,
1579,004530,SY,KOSPI,주권,보통주,1988-06-18,2008-04-22,감사의견 의견거절,2008-04-11,2008-04-21,음식료품,500.0,2270909.0,,
1607,012990,LG석유화학,KOSPI,주권,보통주,2001-07-18,2007-11-15,해산 사유 발생,,,화학,5000.0,45200000.0,,
1612,032710,LG카드,KOSPI,주권,보통주,2002-04-22,2007-10-10,지주회사의 완전자회사화(지주회사 신규상장),,,기타금융,5000.0,125369403.0,,
1615,015670,AP우주통신,KOSPI,주권,보통주,1991-02-08,2007-09-12,감사의견 의견거절,2007-09-03,2007-09-11,전기전자,500.0,33933612.0,,
1633,005330,카스코,KOSPI,주권,보통주,1989-05-30,2007-06-20,해산 사유 발생,,,운수장비,5000.0,4811012.0,,
1635,011020,코오롱유화,KOSPI,주권,보통주,1988-07-06,2007-06-15,해산 사유 발생,,,화학,1000.0,9292800.0,,
1639,001830,동부일렉트로닉스,KOSPI,주권,보통주,1977-09-30,2007-05-21,해산 사유 발생,,,전기전자,1000.0,266270260.0,,
1648,014900,삼보컴퓨터,KOSPI,주권,보통주,1989-12-19,2007-04-25,자본전액잠식,2007-04-16,2007-04-24,전기전자,2500.0,8034289.0,,
1649,025930,팬택,KOSPI,주권,보통주,1997-08-27,2007-04-25,자본전액잠식,2007-04-16,2007-04-24,전기전자,500.0,112645266.0,,
1650,063350,팬택앤큐리텔,KOSPI,주권,보통주,2003-09-17,2007-04-25,자본전액잠식,2007-04-16,2007-04-24,전기전자,500.0,166376165.0,,
1651,025830,한국합섬,KOSPI,주권,보통주,1995-10-05,2007-04-25,감사의견 부적정,2007-04-16,2007-04-24,섬유의복,5000.0,4495079.0,,
1676,006600,동신제약,KOSPI,주권,보통주,1987-08-01,2006-11-22,해산 사유 발생,,,의약품,5000.0,4837326.0,,
1678,003040,한일약품,KOSPI,주권,보통주,1976-03-18,2006-11-21,해산 사유 발생,,,의약품,5000.0,8800000.0,,
1680,003330,하나증권,KOSPI,주권,보통주,1986-11-25,2006-10-26,지주회사의 완전자회사화(지주회사 신규상장),,,증권,5000.0,19154353.0,,
1691,063510,코오롱인터,KOSPI,주권,보통주,2001-12-24,2006-07-21,해산 사유 발생,,,유통업,5000.0,1710176.0,,
1694,016970,씨크롭,KOSPI,주권,보통주,1989-09-12,2006-07-13,감사의견 의견거절,2006-07-04,2006-07-12,기계,500.0,3198788.0,,
1722,014010,인터피온반도체,KOSPI,주권,보통주,1989-06-21,2005-12-28,감사의견 의견거절,2005-12-19,2005-12-27,전기전자,500.0,12826478.0,,
1726,002860,하나은행,KOSPI,주권,보통주,1962-07-13,2005-12-12,지주회사의 완전자회사화(지주회사 신규상장),,,은행,5000.0,187750483.0,,
1738,009080,퍼시픽글라스,KOSPI,주권,보통주,1977-06-30,2005-08-17,해산 사유 발생,,,비금속광물,5000.0,7244768.0,,
1741,001580,신광기업,KOSPI,주권,보통주,1988-10-26,2005-08-05,감사의견 의견거절,2005-07-27,2005-08-04,유통업,500.0,4000000.0,,
1744,006250,극동전선,KOSPI,주권,보통주,1988-09-29,2005-07-18,보통주 거래량요건 미충족(월평균거래량 1/100미만) 2분기 계속,2005-07-07,2005-07-15,전기전자,5000.0,2496000.0,,
1746,008270,산은캐피탈,KOSPI,주권,보통주,1995-03-17,2005-06-16,신청에 의한 상장폐지,,,기타금융,5000.0,62175466.0,,
1755,001670,경남모직,KOSPI,주권,보통주,1975-12-27,2005-04-28,회사정리절차 법인의 상장적격성 불인정,2005-04-19,2005-04-27,섬유의복,5000.0,3577590.0,,
1757,009940,대아리드선,KOSPI,주권,보통주,1989-09-05,2005-04-28,자본전액잠식,2005-04-19,2005-04-27,전기전자,500.0,1723340.0,,
1758,008120,모토조이,KOSPI,주권,보통주,1988-10-13,2005-04-28,자본전액잠식,2005-04-19,2005-04-27,전기전자,500.0,2000000.0,,
1763,000110,제일은행,KOSPI,주권,보통주,1956-03-03,2005-04-22,신청에 의한 상장폐지,,,은행,5000.0,320000000.0,,
1766,009890,맥슨텔레콤,KOSPI,주권,보통주,1984-12-13,2005-04-21,자본전액잠식,2005-04-12,2005-04-20,전기전자,5000.0,7277926.0,,
1771,009760,한국컴퓨터지주,KOSPI,주권,보통주,1988-07-28,2005-04-19,보통주 주식분포요건 미충족(일반주주 주식수 10/100미만) 2년 계속,2005-04-08,2005-04-18,서비스업,500.0,40389230.0,,
1773,009360,베네데스하이텍,KOSPI,주권,보통주,1990-01-29,2005-04-15,감사의견 의견거절,2005-04-06,2005-04-14,유통업,500.0,12097656.0,,
1774,012250,셰프라인,KOSPI,주권,보통주,1993-02-05,2005-04-15,감사의견 의견거절,2005-04-06,2005-04-14,기계,500.0,26455654.0,,
1775,006750,센추리,KOSPI,주권,보통주,1989-11-09,2005-04-14,감사의견 의견거절,2005-04-04,2005-04-13,기계,5000.0,600000.0,,
1780,006150,한메NS,KOSPI,주권,보통주,1994-08-12,2005-04-08,회사정리절차 개시 신청,2005-03-29,2005-04-07,전기전자,5000.0,343342.0,,
1789,004660,신동방CP,KOSPI,주권,보통주,1977-06-30,2005-03-30,신청에 의한 상장폐지,,,음식료품,5000.0,3000000.0,,
1794,007910,세원화성,KOSPI,주권,보통주,1996-12-24,2005-02-24,신청에 의한 상장폐지,2005-02-02,2005-02-18,화학,2500.0,3200000.0,,
1802,005600,중앙제지,KOSPI,주권,보통주,1990-03-09,2005-01-06,최종부도발생,2004-12-27,2005-01-05,종이목재,500.0,2496800.0,,
1804,008670,굿모닝신한증권,KOSPI,주권,보통주,1986-12-19,2005-01-05,지주회사의 완전자회사화(지주회사 신규상장),,,증권,5000.0,155576350.0,,
1807,003050,넥상스코리아,KOSPI,주권,보통주,1989-03-13,2004-12-22,신청에 의한 상장폐지,,,전기전자,500.0,38000000.0,,
1811,001890,영창악기,KOSPI,주권,보통주,1984-07-28,2004-10-26,최종부도발생,2004-10-15,2004-10-25,기타제조업,500.0,113218520.0,,
1812,001490,천지산업,KOSPI,주권,보통주,1976-12-24,2004-10-22,자본전액잠식,2004-10-13,2004-10-21,유통업,5000.0,236443.0,,
1815,010200,극동제혁,KOSPI,주권,보통주,1989-06-03,2004-10-18,해산 사유 발생,,,기타제조업,5000.0,1125540.0,,
1819,001590,일화모직,KOSPI,주권,보통주,1989-07-29,2004-09-02,보통주 시가총액미달,2004-08-24,2004-09-01,섬유의복,5000.0,1400000.0,,
1824,010730,금강화섬,KOSPI,주권,보통주,1990-06-09,2004-07-22,최종부도발생,2004-07-13,2004-07-21,섬유의복,500.0,58396514.0,,
1825,003590,광덕물산,KOSPI,주권,보통주,1986-04-29,2004-07-21,감사의견 부적정,2004-07-12,2004-07-20,섬유의복,500.0,2214645.0,,
1827,012760,동아정기,KOSPI,주권,보통주,1986-11-17,2004-07-16,최종부도발생,,,운수장비,500.0,72163818.0,,
1828,016830,한미은행,KOSPI,주권,보통주,1989-11-11,2004-07-13,신청에 의한 상장폐지,,,은행,5000.0,203066765.0,,
1829,000010,조흥은행,KOSPI,주권,보통주,1956-03-03,2004-07-02,지주회사의 완전자회사화(지주회사 신규상장),,,은행,5000.0,719118429.0,,
1830,003930,부흥,KOSPI,주권,보통주,1976-06-30,2004-06-29,감사의견 의견거절,2004-06-18,2004-06-28,섬유의복,500.0,3595132.0,,
1831,001280,우리증권,KOSPI,주권,보통주,1988-07-26,2004-06-24,지주회사의 완전자회사화(지주회사 신규상장),,,증권,5000.0,32956413.0,,
1835,003020,남양,KOSPI,주권,보통주,1977-05-27,2004-05-28,보통주 시가총액미달,2004-05-18,2004-05-27,섬유의복,5000.0,534519.0,,
1836,001980,대호,KOSPI,주권,보통주,1990-01-16,2004-05-22,최종부도발생,,,건설업,500.0,134286443.0,,
1838,002950,두산건설,KOSPI,주권,보통주,1975-12-09,2004-05-10,해산 사유 발생,,,건설업,5000.0,46953589.0,,
1841,002930,삼도물산,KOSPI,주권,보통주,1976-04-28,2004-05-08,감사의견 의견거절,2004-04-28,2004-05-07,섬유의복,500.0,51710960.0,,
1842,032390,KTF,KOSPI,주권,보통주,2004-04-29,2009-06-23,증권거래소 상장,,,통신업,5000.0,188274091.0,,
1844,004510,디와이홀딩스,KOSPI,주권,보통주,1996-10-16,2004-04-28,영업활동정지 6월 계속,2004-04-19,2004-04-27,기계,5000.0,3515200.0,,
1845,010090,해태유통,KOSPI,주권,보통주,1990-07-13,2004-04-24,자본전액잠식,2004-04-14,2004-04-23,유통업,500.0,7070960.0,,
1847,002850,영풍산업,KOSPI,주권,보통주,1977-06-29,2004-04-23,감사의견 의견거절,2004-04-13,2004-04-22,광업,5000.0,12025587.0,,
1850,010150,한국코아,KOSPI,주권,보통주,1987-09-10,2004-04-23,감사의견 의견거절,2004-04-13,2004-04-22,전기전자,5000.0,7102846.0,,
1868,004190,스마텔,KOSPI,주권,보통주,1977-06-22,2004-03-31,감사의견 의견거절,2004-03-22,2004-03-30,기계,500.0,1624000.0,,
1871,038400,외환카드,KOSPI,주권,보통주,2001-12-21,2004-03-16,해산 사유 발생,,,기타금융,5000.0,63900000.0,,
1872,003900,해태유업,KOSPI,주권,보통주,1979-02-15,2004-03-11,감사의견 의견거절,2004-03-02,2004-03-10,음식료품,500.0,29944280.0,,
1876,019930,기라정보통신,KOSPI,주권,보통주,1999-11-18,2004-02-12,화의절차 개시 신청 각하,2004-02-03,2004-02-11,전기전자,500.0,30734705.0,,
1878,018590,KNC,KOSPI,주권,보통주,1997-10-28,2004-01-24,최종부도발생,2004-01-12,2004-01-20,전기전자,1000.0,24229617.0,,
1880,008750,범양식품,KOSPI,주권,보통주,1977-06-30,2003-12-27,보통주 시가총액 미달(25억미만 30일 계속) 후 60일간 25억미만 연속10일 이상,2003-12-17,2003-12-26,음식료품,5000.0,900000.0,,
1882,018020,스타리스,KOSPI,주권,보통주,1996-11-19,2003-11-18,보통주 주가수준 미달(액면가 20/100미만 30일 계속) 후 60일간 20/100미만 연속 10일 이상,2003-11-07,2003-11-17,기타금융,5000.0,37025608.0,,
1884,010510,일진,KOSPI,주권,보통주,1988-06-18,2003-11-05,해산 사유 발생,,,전기전자,1000.0,26339196.0,,
1886,012270,동신,KOSPI,주권,보통주,1989-08-25,2003-10-23,보통주 주가수준 미달(액면가 20/100미만 30일 계속) 후 60일간 20/100미만 연속 10일 이상,2003-10-14,2003-10-22,건설업,5000.0,12662743.0,,
1889,000980,극동건설,KOSPI,주권,보통주,1976-12-13,2003-10-15,신청에 의한 상장폐지,,,건설업,5000.0,32033879.0,,
1893,012720,건영,KOSPI,주권,보통주,1989-08-22,2003-10-02,보통주 주가수준 미달(액면가 20/100미만 30일 계속) 후 60일간 20/100미만 연속 10일 이상,2003-09-23,2003-10-01,건설업,5000.0,20509018.0,,
1894,001150,서통,KOSPI,주권,보통주,1974-11-26,2003-10-02,최종부도발생,2003-09-23,2003-10-01,화학,5000.0,7626490.0,,
1896,009790,휴닉스,KOSPI,주권,보통주,1988-01-11,2003-10-02,보통주 주가수준 미달(액면가 20/100미만 30일 계속) 후 60일간 20/100미만 연속 10일 이상,2003-09-23,2003-10-01,전기전자,5000.0,4652591.0,,
1898,003980,한일합섬,KOSPI,주권,보통주,1974-01-09,2003-09-24,보통주 주가수준 미달(액면가 20/100미만 30일 계속) 후 60일간 20/100미만 연속 10일 이상,2003-09-15,2003-09-23,섬유의복,5000.0,62889374.0,,
1901,005890,동원증권,KOSPI,주권,보통주,1986-12-24,2003-07-21,지주회사의 완전자회사화(지주회사 신규상장),,,증권,5000.0,67134382.0,,
1910,011840,계몽사,KOSPI,주권,보통주,1989-07-28,2003-05-16,최종부도발생,2003-05-06,2003-05-15,기타제조업,500.0,56380915.0,,
1911,002050,경향건설,KOSPI,주권,보통주,1977-12-17,2003-05-10,감사의견 의견거절,2003-04-28,2003-05-09,건설업,500.0,1750090.0,,
1916,005560,JS전선,KOSPI,주권,보통주,2007-11-12,2014-04-10,자본전액잠식 2년 계속,2003-04-15,2003-04-23,전기전자,5000.0,11378640.0,,
1918,009840,갑을,KOSPI,주권,보통주,1989-08-01,2003-04-16,감사의견 의견거절,2003-04-07,2003-04-15,섬유의복,5000.0,173154244.0,,
1919,006610,경남은행,KOSPI,주권,보통주,1972-06-15,2003-04-16,보통주 주식분포요건 미충족 2년 계속,2003-04-07,2003-04-15,은행,5000.0,51800043.0,,
1920,005770,광주은행,KOSPI,주권,보통주,1973-02-26,2003-04-16,보통주 주식분포요건 미충족 2년 계속,2003-04-07,2003-04-15,은행,5000.0,34080517.0,,
1921,010330,라미화장품,KOSPI,주권,보통주,1988-08-08,2003-04-16,자본전액잠식 2년 계속,2003-04-07,2003-04-15,화학,5000.0,898103.0,,
1932,002610,LGEI,KOSPI,주권,보통주,1970-04-13,2003-03-11,해산 사유 발생,,,서비스업,5000.0,92865192.0,,
1941,007360,하나은행,KOSPI,주권,보통주,1972-06-05,2002-12-13,해산 사유 발생,,,은행,5000.0,136352203.0,,
1942,014040,GPS,KOSPI,주권,보통주,1989-12-01,2002-11-29,회사정리절차 폐지 결정,2003-11-08,2003-11-28,전기전자,5000.0,9072196.0,,
1955,009330,삼애인더스,KOSPI,주권,보통주,1989-11-11,2002-10-22,감사의견 의견거절,2002-09-30,2002-10-21,섬유의복,2500.0,14047083.0,,
1962,013250,대양금고,KOSPI,주권,보통주,1996-11-19,2002-10-04,해산 사유 발생,2002-09-11,2002-10-02,기타금융,5000.0,9820000.0,,
1972,001030,리젠트화재,KOSPI,주권,보통주,1962-07-13,2002-08-10,감사의견 의견거절,2002-07-18,2002-08-09,보험,1000.0,19000000.0,,
1989,018570,선진금속,KOSPI,주권,보통주,1996-07-31,2002-05-21,자본전액잠식 2년 계속,2002-04-29,2002-05-20,철강금속,1000.0,1164510.0,,
1995,003260,서광,KOSPI,주권,보통주,1989-06-05,2002-04-30,자본전액잠식 2년 계속,2002-04-09,2002-04-29,유통업,5000.0,142772.0,,
1996,001110,대농,KOSPI,주권,보통주,1991-01-14,2002-04-27,자본전액잠식 2년 계속,2002-04-08,2002-04-26,섬유의복,5000.0,2059303.0,,
1997,004110,대선주조,KOSPI,주권,보통주,1989-01-21,2002-04-27,자본전액잠식 2년 계속,2002-04-08,2002-04-26,음식료품,5000.0,666469.0,,
1998,004420,동국무역,KOSPI,주권,보통주,1976-07-15,2002-04-27,자본전액잠식 2년 계속,2002-04-08,2002-04-26,섬유의복,5000.0,11234642.0,,
2001,018360,메디슨,KOSPI,주권,보통주,1996-01-30,2002-04-27,감사의견 의견거절,2002-04-08,2002-04-26,의료정밀,500.0,31361207.0,,
2003,000030,우리은행,KOSPI,주권,보통주,2014-11-19,2019-02-13,신청에 의한 상장폐지,,,은행,5000.0,676000000.0,,
2004,013090,이트로닉스,KOSPI,주권,보통주,1986-11-20,2002-04-27,감사의견 의견거절,2002-04-08,2002-04-26,전기전자,5000.0,64520585.0,,
2007,012670,환영철강,KOSPI,주권,보통주,1989-12-16,2002-04-27,자본전액잠식 2년 계속,2002-04-08,2002-04-26,철강금속,5000.0,1130000.0,,
2010,008440,아이넥스,KOSPI,주권,보통주,1988-06-20,2002-04-23,감사의견 의견거절,2002-04-01,2002-04-22,유통업,5000.0,8252316.0,,
2011,006290,인천정유,KOSPI,주권,보통주,1987-09-10,2002-04-23,감사의견 의견거절,2002-04-01,2002-04-22,화학,5000.0,24380000.0,,
2013,002470,동성,KOSPI,주권,보통주,1989-09-05,2002-04-20,감사의견 부적정,2002-03-29,2002-04-19,건설업,5000.0,20559407.0,,
2014,002580,삼미,KOSPI,주권,보통주,1976-03-26,2002-04-20,감사의견 부적정,2002-03-29,2002-04-19,유통업,5000.0,1372514.0,,
2016,011510,청구,KOSPI,주권,보통주,1994-08-12,2002-04-20,감사의견 의견거절,2002-03-29,2002-04-19,건설업,5000.0,12721525.0,,
2019,008480,KEP전자,KOSPI,주권,보통주,1987-07-24,2002-04-19,감사의견 의견거절,2002-03-28,2002-04-18,전기전자,5000.0,7059374.0,,
2021,005060,대우통신,KOSPI,주권,보통주,1987-05-29,2002-04-19,감사의견 의견거절,2002-03-28,2002-04-18,전기전자,5000.0,25723483.0,,
2022,003110,대일화학,KOSPI,주권,보통주,1977-06-29,2002-04-19,감사의견 의견거절,2002-03-28,2002-04-18,의약품,5000.0,620000.0,,
2023,016550,한별텔레콤,KOSPI,주권,보통주,1989-08-25,2002-04-19,감사의견 의견거절,2002-03-28,2002-04-18,전기전자,1000.0,8940890.0,,
2025,001920,한보철강,KOSPI,주권,보통주,1977-09-21,2002-04-19,감사의견 의견거절,2002-03-28,2002-04-18,철강금속,5000.0,1668299.0,,
2028,007410,대우전자,KOSPI,주권,보통주,1984-01-21,2002-04-13,감사의견 의견거절,2002-03-22,2002-04-12,전기전자,5000.0,89688481.0,,
2029,004390,오리온전기,KOSPI,주권,보통주,1974-03-30,2002-04-13,감사의견 부적정,2002-03-22,2002-04-12,전기전자,5000.0,340030861.0,,
2030,004460,고합,KOSPI,주권,보통주,1973-10-25,2002-04-12,감사의견 부적정,2002-03-21,2002-04-11,화학,5000.0,36620122.0,,
2034,012260,이지닷컴,KOSPI,주권,보통주,1987-09-23,2002-04-03,감사의견 의견거절,2002-03-13,2002-04-02,전기전자,5000.0,1742268.0,,
2036,002180,삼익건설,KOSPI,주권,보통주,1978-08-18,2002-03-29,감사의견 의견거절,2002-03-08,2002-03-28,건설업,5000.0,1210527.0,,
2049,008530,일은증권,KOSPI,주권,보통주,1976-04-26,2002-02-20,해산 사유 발생,,,증권,5000.0,13879684.0,,
2053,025840,레이디,KOSPI,주권,보통주,1995-10-05,2002-01-23,감사의견 의견거절 2년 계속,2002-01-02,2002-01-22,기타제조업,2500.0,12207920.0,,
2054,001690,두산테크팩,KOSPI,주권,보통주,1972-10-17,2002-01-18,해산 사유 발생,,,비금속광물,5000.0,8393644.0,,
2057,004290,아이케이,KOSPI,주권,보통주,1977-06-04,2002-01-18,해산 사유 발생,,,유통업,5000.0,7447684.0,,
2062,008980,동양현대종금,KOSPI,주권,보통주,1975-06-23,2001-12-20,해산 사유 발생,,,,5000.0,77123699.0,,
2066,011450,송원칼라,KOSPI,주권,보통주,1996-01-30,2001-12-05,신청에 의한 상장폐지,,,화학,5000.0,1200000.0,,
2067,002130,피어리스,KOSPI,주권,보통주,1989-07-25,2001-12-05,최종부도발생,2001-11-14,2001-12-04,화학,5000.0,1500000.0,,
2072,000310,해태제과,KOSPI,주권,보통주,1972-05-01,2001-11-10,영업활동정지 6월 계속,2001-10-22,2001-11-09,음식료품,5000.0,162619992.0,,
2075,023130,국민은행,KOSPI,주권,보통주,1994-09-30,2001-11-09,해산 사유 발생,,,은행,5000.0,303586433.0,,
2077,027460,주택은행,KOSPI,주권,보통주,1996-03-07,2001-11-09,해산 사유 발생,,,은행,5000.0,119968809.0,,
2083,007420,해동금고,KOSPI,주권,보통주,1990-02-24,2001-10-13,해산 사유 발생,2001-09-19,2001-10-12,기타금융,5000.0,9200000.0,,
2088,015880,태화쇼핑,KOSPI,주권,보통주,1994-11-05,2001-09-22,회사정리절차 폐지 결정,2001-09-03,2001-09-21,유통업,5000.0,5407089.0,,
2092,015580,신한은행,KOSPI,주권,보통주,1989-11-28,2001-09-10,해산 사유 발생,,,은행,5000.0,272245880.0,,
2094,003320,신한증권,KOSPI,주권,보통주,1989-10-20,2001-09-10,해산 사유 발생,,,증권,5000.0,23847457.0,,
2101,030710,동아금고,KOSPI,주권,보통주,1996-11-19,2001-07-28,해산 사유 발생,2001-07-06,2001-07-27,기타금융,5000.0,4000000.0,,
2103,015650,리젠트종금,KOSPI,주권,보통주,1988-07-19,2001-07-16,해산 사유 발생,,,,5000.0,14006000.0,,
2106,017120,바로크,KOSPI,주권,보통주,1989-12-18,2001-07-10,화의 불인가,2001-06-19,2001-07-09,기타제조업,5000.0,4267163.0,,
2126,000280,동아건설,KOSPI,주권,보통주,1973-11-08,2001-06-07,회사정리절차 폐지 결정,2001-05-16,2001-06-05,건설업,5000.0,41813397.0,,
2140,003810,대우,KOSPI,주권,보통주,1977-06-30,2001-05-23,자본잠식(자본금의 50/100이상 잠식) 2년 계속,2001-05-02,2001-05-22,유통업,5000.0,234628081.0,,
2141,000200,대우중공업,KOSPI,주권,보통주,1966-03-18,2001-05-23,자본전액잠식 2년 계속,2001-05-02,2001-05-22,기계,5000.0,269386352.0,,
2148,002740,동양화학,KOSPI,주권,보통주,1976-06-02,2001-05-18,해산 사유 발생,,,화학,5000.0,11223802.0,,
2168,014080,뉴맥스,KOSPI,주권,보통주,1994-01-31,2001-04-26,공시서류 미제출(분기보고서) 후 차기보고서 미제출,2001-04-04,2001-04-25,전기전자,5000.0,4809160.0,,
2169,017320,태일정밀,KOSPI,주권,보통주,1989-06-05,2001-04-26,공시서류 미제출(반기보고서) 후 차기보고서 미제출,2001-04-04,2001-04-25,전기전자,5000.0,13505170.0,,
2172,001400,동산씨앤지,KOSPI,주권,보통주,1976-06-08,2001-04-24,회사정리절차 폐지 결정,2001-04-02,2001-04-23,화학,5000.0,17200000.0,,
2176,015620,현대울산종금,KOSPI,주권,보통주,1988-03-30,2001-04-23,해산 사유 발생,,,,5000.0,25920000.0,,
2207,009050,대한알미늄,KOSPI,주권,보통주,1987-09-25,2001-03-30,신청에 의한 상장폐지,,,철강금속,5000.0,129914932.0,,
2230,011290,갑을방적,KOSPI,주권,보통주,1988-07-28,2001-03-20,해산 사유 발생,,,섬유의복,5000.0,2214549.0,,
2290,024960,영남종금,KOSPI,주권,보통주,1995-03-17,2001-02-10,해산 사유 발생,,,,5000.0,34340000.0,,
2291,008990,중앙종금,KOSPI,주권,보통주,1974-09-09,2001-02-10,해산 사유 발생,,,,5000.0,10000.0,,
2292,011260,한국종금,KOSPI,주권,보통주,1994-03-29,2001-02-10,해산 사유 발생,,,,5000.0,10000.0,,
2293,012710,한스종금,KOSPI,주권,보통주,1994-09-16,2001-02-10,해산 사유 발생,,,,5000.0,10000.0,,
2302,008690,한양,KOSPI,주권,보통주,1976-12-28,2001-02-07,회사정리절차 폐지 결정,2001-01-12,2001-02-06,건설업,5000.0,10420237.0,,
2341,008640,우성건설,KOSPI,주권,보통주,1989-12-22,2001-01-20,회사정리절차 폐지 결정,2000-12-26,2001-01-19,건설업,5000.0,16271184.0,,
2347,014740,금호케미칼,KOSPI,주권,보통주,1984-05-29,2001-01-16,해산 사유 발생,,,화학,5000.0,7786052.0,,
2423,002080,벽산개발,KOSPI,주권,보통주,1976-05-26,2000-12-22,해산 사유 발생,,,,5000.0,3290000.0,,
2444,006160,신화건설,KOSPI,주권,보통주,1988-05-24,2000-12-12,회사정리절차 폐지 결정,2000-11-21,2000-12-11,,5000.0,14158414.0,,
2566,011650,LG정보,KOSPI,주권,보통주,1995-08-18,2000-09-20,해산 사유 발생,,,,5000.0,30900000.0,,
2571,005410,신광산업,KOSPI,주권,보통주,1988-12-24,2000-09-09,회사정리절차 폐지 결정,2000-08-21,2000-09-08,,5000.0,2869913.0,,
2578,016390,나라종금,KOSPI,주권,보통주,1988-03-05,2000-08-29,해산 사유 발생,2000-08-07,2000-08-28,,5000.0,73067720.0,,
2644,002940,경동산업,KOSPI,주권,보통주,1984-11-05,2000-06-30,회사정리절차 폐지 결정,2000-06-09,2000-06-29,,5000.0,390724.0,,
2645,001350,대한모방,KOSPI,주권,보통주,1977-06-30,2000-06-30,회사정리절차 폐지 결정,2000-06-09,2000-06-29,,5000.0,1414000.0,,
2647,005580,삼익주택,KOSPI,주권,보통주,1976-12-28,2000-06-30,회사정리절차 개시 신청 기각 결정,2000-06-09,2000-06-29,,5000.0,4800000.0,,
2648,000840,한국벨트,KOSPI,주권,보통주,1988-10-13,2000-06-30,회사정리절차 폐지 결정,2000-06-09,2000-06-29,,5000.0,467967.0,,
2687,007100,호남식품,KOSPI,주권,보통주,1978-06-30,2000-05-27,상장폐지유예기간종료,2000-05-04,2000-05-26,,5000.0,900000.0,,
2691,018550,한국안전유리,KOSPI,주권,보통주,1994-04-29,2000-05-04,신청에 의한 상장폐지,,,,5000.0,13000000.0,,
2696,010110,고려화학,KOSPI,주권,보통주,1985-11-13,2000-04-17,해산 사유 발생,,,,5000.0,4000000.0,,
2698,000900,강원산업,KOSPI,주권,보통주,1976-03-05,2000-04-12,해산 사유 발생,,,,5000.0,80182786.0,,
2709,005790,만도기계,KOSPI,주권,보통주,1988-01-25,2000-02-12,해산 사유 발생,,,,5000.0,5312586.0,,
2712,004730,진로식품,KOSPI,주권,보통주,1973-08-24,2000-01-29,상장폐지유예기간종료,,,,5000.0,5394734.0,,
2731,014590,티엘씨레저,KOSPI,주권,보통주,2000-01-06,2011-05-13,증권거래소 상장,,,서비스업,500.0,77079581.0,,
2750,001170,장은증권,KOSPI,주권,보통주,1988-10-14,1999-11-25,상장폐지유예기간종료,1999-10-14,1999-11-24,,5000.0,13335001.0,,
2752,009030,대한종금,KOSPI,주권,보통주,1974-06-10,1999-11-20,최종부도발생,1999-10-11,1999-11-19,,5000.0,70782583.0,,
2755,019930,기라정보통신,KOSPI,주권,보통주,1999-11-18,2004-02-12,증권거래소 상장,,,전기전자,500.0,30734705.0,,
2756,008810,LG종금,KOSPI,주권,보통주,1973-09-28,1999-11-01,해산 사유 발생,,,,5000.0,154000000.0,,
2761,000160,대한중석,KOSPI,주권,보통주,1962-07-13,1999-10-27,영업활동정지 6월 계속,1999-09-13,1999-10-26,,5000.0,9944800.0,,
2762,012220,동국전자,KOSPI,주권,보통주,1989-08-22,1999-10-27,상장폐지유예기간종료,1999-09-13,1999-10-26,,5000.0,4000000.0,,
2763,008190,신호전자,KOSPI,주권,보통주,1989-08-30,1999-10-27,영업활동정지 6월 계속,1999-09-13,1999-10-26,,5000.0,2308034.0,,
2764,003290,엔케이텔레콤,KOSPI,주권,보통주,1988-09-08,1999-10-27,영업활동정지 6월 계속,1999-09-13,1999-10-26,,5000.0,7558931.0,,
2765,012470,영진테크,KOSPI,주권,보통주,1989-09-29,1999-10-27,상장폐지유예기간종료,1999-09-13,1999-10-26,,5000.0,4910000.0,,
2766,002340,유    성,KOSPI,주권,보통주,1989-09-30,1999-10-27,영업활동정지 6월 계속,1999-09-13,1999-10-26,,5000.0,3000000.0,,
2767,011940,태영판지,KOSPI,주권,보통주,1989-11-06,1999-10-27,상장폐지유예기간종료,1999-09-13,1999-10-26,,5000.0,840000.0,,
2768,016680,태흥피혁,KOSPI,주권,보통주,1988-05-02,1999-10-27,회사정리절차 개시 신청 기각,1999-09-13,1999-10-26,,5000.0,5107773.0,,
2769,013820,피앤텍,KOSPI,주권,보통주,1989-06-20,1999-10-27,회사정리절차 개시 신청 기각,1999-09-13,1999-10-26,,5000.0,3200000.0,,
2770,012910,한라시멘트,KOSPI,주권,보통주,1990-07-14,1999-10-27,영업활동정지 6월 계속,1999-09-13,1999-10-26,,5000.0,7203528.0,,
2771,029890,현대반도체,KOSPI,주권,보통주,1996-11-09,1999-10-27,해산 사유 발생,,,,5000.0,154660000.0,,
2777,008100,거성산업,KOSPI,주권,보통주,1988-09-10,1999-10-02,회사정리절차 폐지 결정,1999-08-19,1999-10-01,,5000.0,900000.0,,
2779,016640,신    화,KOSPI,주권,보통주,1990-01-20,1999-10-02,상장폐지유예기간종료,1999-08-19,1999-10-01,,5000.0,3900000.0,,
2780,003840,중    원,KOSPI,주권,보통주,1989-09-08,1999-10-02,상장폐지유예기간종료,1999-08-19,1999-10-01,,5000.0,2453270.0,,
2781,011820,한국물산,KOSPI,주권,보통주,1988-09-01,1999-10-02,상장폐지유예기간종료,1999-08-19,1999-10-01,,5000.0,3015953.0,,
2783,006590,강원은행,KOSPI,주권,보통주,1972-03-30,1999-09-30,해산 사유 발생,,,,5000.0,375855640.0,,
2786,001160,신원제이엠씨,KOSPI,주권,보통주,1978-07-28,1999-08-27,해산 사유 발생,,,,5000.0,2570000.0,,
2787,005660,한진건설,KOSPI,주권,보통주,1978-08-28,1999-08-27,해산 사유 발생,,,,5000.0,16955357.0,,
2791,015730,대우정밀,KOSPI,주권,보통주,1993-01-20,1999-07-22,해산 사유 발생,,,,5000.0,10459946.0,,
2801,011180,동국방직,KOSPI,주권,보통주,1989-01-26,1999-07-21,해산 사유 발생,,,,5000.0,4000000.0,,
2802,007170,기아차판매,KOSPI,주권,보통주,1989-12-18,1999-07-16,해산 사유 발생,,,,5000.0,7600000.0,,
2803,004280,아시아차,KOSPI,주권,보통주,1988-10-20,1999-07-16,해산 사유 발생,,,,5000.0,113008321.0,,
2808,005100,쌍용제지,KOSPI,주권,보통주,1991-12-23,1999-06-16,신청에 의한 상장폐지,,,,5000.0,10716492.0,,
2810,000510,태    화,KOSPI,주권,보통주,1974-06-28,1999-05-25,자본전액잠식,1999-04-12,1999-05-24,,5000.0,3109167.0,,
2811,007240,충북은행,KOSPI,주권,보통주,1974-03-30,1999-05-21,해산 사유 발생,,,,5000.0,5000000.0,,
2814,009650,현대차써비스,KOSPI,주권,보통주,1977-12-01,1999-04-15,해산 사유 발생,,,,5000.0,14665640.0,,
2817,000170,LG금속,KOSPI,주권,보통주,1975-12-13,1999-04-08,해산 사유 발생,,,,5000.0,12000000.0,,
2819,021170,고려유화,KOSPI,주권,보통주,1996-11-22,1999-03-22,해산 사유 발생,,,,5000.0,16718000.0,,
2820,007380,고합물산,KOSPI,주권,보통주,1990-07-18,1999-03-22,해산 사유 발생,,,,5000.0,13857141.0,,
2829,006320,경기은행,KOSPI,주권,보통주,1972-03-30,1999-02-25,해산 사유 발생,1999-01-11,1999-02-24,,5000.0,40030000.0,,
2830,021600,대동은행,KOSPI,주권,보통주,1996-07-03,1999-02-25,해산 사유 발생,1999-01-11,1999-02-24,,5000.0,40000000.0,,
2831,021610,동남은행,KOSPI,주권,보통주,1996-07-03,1999-02-25,해산 사유 발생,1999-01-11,1999-02-24,,5000.0,40000000.0,,
2832,021310,동화은행,KOSPI,주권,보통주,1996-07-03,1999-02-25,해산 사유 발생,1999-01-11,1999-02-24,,5000.0,80000000.0,,
2833,005510,충청은행,KOSPI,주권,보통주,1972-06-26,1999-02-25,해산 사유 발생,1999-01-11,1999-02-24,,5000.0,23700000.0,,
2834,011880,현대종금,KOSPI,주권,보통주,1988-10-10,1999-02-22,해산 사유 발생,,,,5000.0,68824944.0,,
2835,001700,공영토건,KOSPI,주권,보통주,1977-12-24,1999-02-12,자본전액잠식,1998-12-28,1999-02-11,,5000.0,3200000.0,,
2838,004210,한일방직,KOSPI,주권,보통주,1978-06-28,1999-02-12,상장폐지유예기간종료,1998-12-28,1999-02-11,,5000.0,350000.0,,
2839,008890,보람은행,KOSPI,주권,보통주,1974-07-15,1999-01-26,해산 사유 발생,,,,5000.0,33333333.0,,
2841,014150,한외종금,KOSPI,주권,보통주,1989-09-09,1999-01-25,해산 사유 발생,,,,5000.0,20442733.0,,
2843,011470,기    산,KOSPI,주권,보통주,1990-04-18,1999-01-16,해산 사유 발생,1998-12-01,1999-01-15,,5000.0,14000000.0,,
2844,011960,새한종금,KOSPI,주권,보통주,1989-10-16,1999-01-16,해산 사유 발생,1998-12-01,1999-01-15,,5000.0,7260000.0,,
2845,013070,태양이앤테크,KOSPI,주권,보통주,1988-09-09,1999-01-16,영업활동정지 6월 계속,1998-12-01,1999-01-15,,5000.0,800000.0,,
2846,014430,한길종금,KOSPI,주권,보통주,1988-10-21,1999-01-16,해산 사유 발생,1998-12-01,1999-01-15,,5000.0,37000000.0,,
2847,007000,한주전자,KOSPI,주권,보통주,1990-03-05,1999-01-16,영업활동정지 6월 계속,1998-12-01,1999-01-15,,5000.0,900000.0,,
2850,000130,한일은행,KOSPI,주권,보통주,1956-03-03,1999-01-11,해산 사유 발생,,,,5000.0,342542766.0,,
2851,005020,장기은행,KOSPI,주권,보통주,1969-05-13,1999-01-08,해산 사유 발생,,,,5000.0,94883280.0,,
2852,000930,한화기계,KOSPI,주권,보통주,1973-08-08,1999-01-04,해산 사유 발생,,,,5000.0,12576153.0,,
2868,006240,진도물산,KOSPI,주권,보통주,1988-10-05,1998-12-24,해산 사유 발생,,,,5000.0,3739460.0,,
2869,001930,효성물산,KOSPI,주권,보통주,1977-06-30,1998-12-14,해산 사유 발생,,,,5000.0,9641089.0,,
2872,002910,진성레미컨,KOSPI,주권,보통주,1994-09-16,1998-12-11,해산 사유 발생,,,,5000.0,3440000.0,,
2875,015980,금    경,KOSPI,주권,보통주,1989-08-29,1998-11-18,영업활동정지 6월 계속,1998-10-14,1998-11-17,,5000.0,9000000.0,,
2876,013040,금강피혁,KOSPI,주권,보통주,1988-09-01,1998-11-18,영업활동정지 6월 계속,1998-10-14,1998-11-17,,5000.0,1834347.0,,
2877,000450,한주통산,KOSPI,주권,보통주,1989-03-08,1998-11-18,영업활동정지 6월 계속,1998-10-14,1998-11-17,,5000.0,10156383.0,,
2878,002730,고려증권,KOSPI,주권,보통주,1986-11-29,1998-10-17,해산 사유 발생,1998-09-09,1998-10-16,,5000.0,24874967.0,,
2880,001090,동서증권,KOSPI,주권,보통주,1975-09-30,1998-10-17,해산 사유 발생,1998-09-09,1998-10-16,,5000.0,34912912.0,,
2882,014450,삼양종금,KOSPI,주권,보통주,1988-10-26,1998-10-17,해산 사유 발생,1998-09-09,1998-10-16,,5000.0,12041478.0,,
2883,012500,제일종금,KOSPI,주권,보통주,1978-06-30,1998-10-17,해산 사유 발생,1998-09-09,1998-10-16,,5000.0,10000000.0,,
2884,006790,대상교역,KOSPI,주권,보통주,1990-01-18,1998-10-16,해산 사유 발생,,,,5000.0,3080000.0,,
2887,005040,두산기계,KOSPI,주권,보통주,1988-09-07,1998-10-09,해산 사유 발생,,,,5000.0,6100000.0,,
2888,000330,두산백화,KOSPI,주권,보통주,1973-12-28,1998-10-09,해산 사유 발생,,,,5000.0,3000000.0,,
2889,000090,두산상사,KOSPI,주권,보통주,1989-01-26,1998-10-09,해산 사유 발생,,,,5000.0,6000000.0,,
2891,014390,대구종금,KOSPI,주권,보통주,1988-01-18,1998-08-21,해산 사유 발생,1998-07-15,1998-08-20,,5000.0,6000000.0,,
2892,010220,한솔종금,KOSPI,주권,보통주,1975-03-29,1998-08-21,해산 사유 발생,1998-07-15,1998-08-20,,5000.0,7204328.0,,
2911,014400,경남종금,KOSPI,주권,보통주,1988-05-25,1998-07-15,해산 사유 발생,1998-06-10,1998-07-14,,5000.0,3708000.0,,
2912,017110,고려종금,KOSPI,주권,보통주,1988-03-28,1998-07-15,해산 사유 발생,1998-06-10,1998-07-14,,5000.0,6200000.0,,
2913,016500,삼삼종금,KOSPI,주권,보통주,1988-06-29,1998-07-15,해산 사유 발생,1998-06-10,1998-07-14,,5000.0,10000000.0,,
2914,016690,신세계종금,KOSPI,주권,보통주,1988-06-27,1998-07-15,해산 사유 발생,1998-06-10,1998-07-14,,5000.0,8090000.0,,
2915,016350,신한종금,KOSPI,주권,보통주,1988-05-06,1998-07-15,해산 사유 발생,1998-06-10,1998-07-14,,5000.0,7172800.0,,
2917,014490,쌍용종금,KOSPI,주권,보통주,1988-06-15,1998-07-15,해산 사유 발생,1998-06-10,1998-07-14,,5000.0,6000000.0,,
2918,010910,제일냉동,KOSPI,주권,보통주,1989-08-03,1998-07-15,회사정리절차 폐지 결정,1998-06-10,1998-07-14,,5000.0,1131077.0,,
2919,015080,청솔종금,KOSPI,주권,보통주,1988-10-29,1998-07-15,해산 사유 발생,1998-06-10,1998-07-14,,5000.0,4000000.0,,
2920,016480,한화종금,KOSPI,주권,보통주,1988-10-04,1998-07-15,해산 사유 발생,1998-06-10,1998-07-14,,5000.0,8487200.0,,
2921,014980,항도종금,KOSPI,주권,보통주,1985-03-25,1998-07-15,해산 사유 발생,1998-06-10,1998-07-14,,5000.0,4000000.0,,
2927,012190,신호페이퍼,KOSPI,주권,보통주,1984-02-06,1998-06-29,해산 사유 발생,,,,5000.0,20330263.0,,
2933,010530,라이프주택,KOSPI,주권,보통주,1977-06-04,1998-05-19,자본전액잠식,1998-04-11,1998-05-18,,5000.0,4000000.0,,
2934,003500,삼진화학,KOSPI,주권,보통주,1973-12-28,1998-05-19,자본전액잠식,1998-04-11,1998-05-18,,5000.0,1100000.0,,
2935,010970,한주화학,KOSPI,주권,보통주,1989-07-25,1998-05-19,자본전액잠식,1998-04-11,1998-05-18,,5000.0,1107555.0,,
2945,015780,논    노,KOSPI,주권,보통주,1989-08-25,1998-03-10,회사정리절차 폐지 결정,1998-02-03,1998-03-09,,5000.0,5898788.0,,
2992,027840,고덴시,KOSPI,주권,보통주,1997-11-25,2010-07-14,증권거래소 상장,,,전기전자,500.0,23065935.0,,
2993,002440,미    원,KOSPI,주권,보통주,1970-05-21,1997-11-25,해산 사유 발생,,,,5000.0,8818582.0,,
2997,007790,금하방직,KOSPI,주권,보통주,1988-12-24,1997-11-12,회사정리절차 폐지 결정,1997-10-08,1997-11-11,,5000.0,2946000.0,,
2999,018590,KNC,KOSPI,주권,보통주,1997-10-28,2004-01-24,증권거래소 상장,,,전기전자,1000.0,24229617.0,,
3000,004600,두산음료,KOSPI,주권,보통주,1975-09-12,1997-10-22,해산 사유 발생,,,,5000.0,1764880.0,,
3002,004260,대성자원,KOSPI,주권,보통주,1978-09-23,1997-08-29,해산 사유 발생,,,,5000.0,432000.0,,
3003,024870,유성티에스아이,KOSPI,주권,보통주,1997-08-27,2010-05-03,증권거래소 상장,,,기계,500.0,16579469.0,,
3004,025930,팬택,KOSPI,주권,보통주,1997-08-27,2007-04-25,증권거래소 상장,,,전기전자,500.0,112645266.0,,
3021,005000,남선물산,KOSPI,주권,보통주,1976-06-30,1997-06-16,회사정리절차 폐지 결정,1997-05-09,1997-06-14,,5000.0,328704.0,,
3022,008950,동부화학,KOSPI,주권,보통주,1989-12-01,1997-04-01,해산 사유 발생,,,,5000.0,7334473.0,,
3025,013200,C&우방,KOSPI,주권,보통주,1997-02-12,2009-05-13,증권거래소 상장,,,건설업,5000.0,23435117.0,,
3026,024100,제일저축은행,KOSPI,주권,보통주,1997-02-12,2011-10-14,증권거래소 상장,,,기타금융,5000.0,12860000.0,,
3027,003970,동부산업,KOSPI,주권,보통주,1975-06-30,1997-01-31,해산 사유 발생,,,,5000.0,2353991.0,,
3149,015340,나우정밀,KOSPI,주권,보통주,1987-11-28,1996-11-28,해산 사유 발생,,,,5000.0,2721517.0,,
3150,006510,인    켈,KOSPI,주권,보통주,1981-12-19,1996-11-28,해산 사유 발생,,,,5000.0,4642316.0,,
3153,021960,KB캐피탈,KOSPI,주권,보통주,1996-11-19,2017-07-21,증권거래소 상장,,,기타금융,5000.0,21492128.0,,
3154,013250,대양금고,KOSPI,주권,보통주,1996-11-19,2002-10-04,증권거래소 상장,,,기타금융,5000.0,9820000.0,,
3156,016560,서울저축은행,KOSPI,주권,보통주,1996-11-19,2012-10-17,증권거래소 상장,,,기타금융,5000.0,76536000.0,,
3157,007800,솔로몬저축은행,KOSPI,주권,보통주,1996-11-19,2012-07-25,증권거래소 상장,,,기타금융,5000.0,22802040.0,,
3160,004510,디와이홀딩스,KOSPI,주권,보통주,1996-10-16,2004-04-28,증권거래소 상장,,,기계,5000.0,3515200.0,,
3162,001610,두산종합식품,KOSPI,주권,보통주,1975-12-27,1996-10-08,해산 사유 발생,,,,5000.0,2200000.0,,
3165,016430,동신제지,KOSPI,주권,보통주,1987-06-23,1996-08-14,해산 사유 발생,,,,5000.0,5390200.0,,
3167,019380,신강제지,KOSPI,주권,보통주,1990-04-02,1996-08-14,해산 사유 발생,,,,5000.0,3460000.0,,
3172,018570,선진금속,KOSPI,주권,보통주,1996-07-31,2002-05-21,증권거래소 상장,,,철강금속,1000.0,1164510.0,,
3173,013240,셀런,KOSPI,주권,보통주,1996-07-31,2011-04-15,증권거래소 상장,,,전기전자,500.0,61436176.0,,
3174,011540,삼신,KOSPI,주권,보통주,1990-09-14,1996-07-18,회사정리절차 개시 신청 기각 결정,1996-06-12,1996-07-16,,5000.0,2520000.0,,
3175,021600,대동은행,KOSPI,주권,보통주,1996-07-03,1999-02-25,증권거래소 상장,,,,5000.0,40000000.0,,
3176,021610,동남은행,KOSPI,주권,보통주,1996-07-03,1999-02-25,증권거래소 상장,,,,5000.0,40000000.0,,
3177,021310,동화은행,KOSPI,주권,보통주,1996-07-03,1999-02-25,증권거래소 상장,,,,5000.0,80000000.0,,
3178,010030,흥양,KOSPI,주권,보통주,1988-01-21,1996-06-26,감사의견 의견거절,1996-05-20,1996-06-25,,5000.0,1203064.0,,
3179,012150,동방개발,KOSPI,주권,보통주,1988-09-20,1996-04-25,회사정리절차 개시 신청 기각 결정,1996-03-19,1996-04-24,,5000.0,3819200.0,,
3180,008650,신한전자,KOSPI,주권,보통주,1989-12-01,1996-04-23,해산 사유 발생,,,,5000.0,600000.0,,
3181,009990,미우,KOSPI,주권,보통주,1988-06-21,1996-03-25,회사정리절차 폐지 결정,1996-02-15,1996-03-23,,5000.0,725264.0,,
3183,016070,동성반도체,KOSPI,주권,보통주,1990-09-14,1996-02-28,회사정리절차 폐지 결정,1996-01-22,1996-02-27,,5000.0,1293600.0,,
3184,002010,삼성건설,KOSPI,주권,보통주,1968-12-27,1996-02-09,해산 사유 발생,,,,5000.0,35369589.0,,
3186,017070,호승,KOSPI,주권,보통주,1990-03-09,1995-12-08,회사정리절차 폐지 결정,1995-11-03,1995-12-07,,5000.0,1280000.0,,
3187,010000,금성계전,KOSPI,주권,보통주,1978-09-29,1995-09-28,해산 사유 발생,,,,5000.0,4800000.0,,
3188,007230,금성기전,KOSPI,주권,보통주,1977-05-27,1995-09-28,해산 사유 발생,,,,5000.0,4200000.0,,
3189,006900,요업개발,KOSPI,주권,보통주,1991-02-12,1995-07-18,회사정리절차 개시 신청 기각 결정,1995-06-10,1995-07-15,,5000.0,1300000.0,,
3190,000730,서울교통,KOSPI,주권,보통주,1969-02-07,1995-05-25,상장폐지유예기간종료,1995-04-18,1995-05-24,,5000.0,75800.0,,
